{
  "version": "3.0.0",
  "kind": "Solution",
  "contentSchemaVersion": "3.0.0",
  "displayName": "Cyren Threat Intelligence",
  "publisherDisplayName": "Cyren",
  "descriptionHtml": "<p><strong>Cyren Threat Intelligence</strong> provides real-time IP reputation and malware URL feeds to detect and block malicious infrastructure. This solution deploys CCF (Codeless Connector Framework) data connectors and visualization workbooks to help security teams identify and respond to network-based threats.</p><ul><li><strong>Data Connectors:</strong> 2</li><li><strong>Workbooks:</strong> 2</li></ul>",
  "contentId": "CyrenThreatIntelligence",
  "icon": "<svg width=\"75\" height=\"75\" viewBox=\"0 0 75 75\" xmlns=\"http://www.w3.org/2000/svg\"><rect width=\"75\" height=\"75\" fill=\"#0078d4\"/><text x=\"37.5\" y=\"45\" font-family=\"Arial\" font-size=\"14\" fill=\"white\" text-anchor=\"middle\">Cyren</text></svg>",
  "threatAnalysisTactics": ["InitialAccess", "Execution", "CommandAndControl"],
  "threatAnalysisTechniques": ["T1566", "T1204", "T1071"],
  "categories": {
    "domains": ["Security - Threat Intelligence"]
  },
  "contentKind": "Solution",
  "contentProductId": "azuresentinel",
  "id": "azuresentinel.azure-sentinel-solution-cyrenthreatintelligence",
  "support": {
    "name": "Cyren",
    "email": "support@cyren.com",
    "tier": "Partner",
    "link": "https://www.cyren.com/support"
  },
  "author": {
    "name": "Cyren"
  },
  "providers": ["Cyren"],
  "firstPublishDate": "2025-11-13",
  "lastPublishDate": "2025-11-13",
  "contentDependencies": {
    "content": [
      {
        "contentId": "azuresentinel.azure-sentinel-solution-cyrenthreatintelligence-dataconnector",
        "kind": "DataConnector"
      },
      {
        "contentId": "azuresentinel.azure-sentinel-solution-cyrenthreatintelligence-workbook",
        "kind": "Workbook"
      }
    ]
  }
}
