{
  "$schema": "https://schema.management.azure.com/schemas/0.1.2-preview/CreateUIDefinition.MultiVm.json#",
  "handler": "Microsoft.Azure.CreateUIDef",
  "version": "0.1.2-preview",
  "parameters": {
    "config": {
      "isWizard": false,
      "basics": {
        "description": "**TacitRed Compromised Credentials** provides real-time detection and monitoring of compromised user credentials, domain takeovers, and identity-based threats. This solution deploys a CCF (Codeless Connector Framework) data connector, analytics rules, and visualization workbooks to help security teams identify and respond to credential compromise incidents.\n\n**Data Connectors:** 1, **Analytic Rules:** 1, **Workbooks:** 1\n\n[Learn more about TacitRed >](https://www.tacitred.com/)",
        "subscription": {
          "constraints": {
            "validations": [
              {
                "permission": "Microsoft.OperationalInsights/workspaces/read",
                "message": "Please ensure you have read permissions for the workspace"
              }
            ]
          },
          "resourceProviders": [
            "Microsoft.OperationalInsights/workspaces",
            "Microsoft.SecurityInsights"
          ]
        },
        "location": {
          "label": "Location",
          "toolTip": "Location for all resources",
          "resourceTypes": [
            "Microsoft.OperationalInsights/workspaces"
          ]
        },
        "resourceGroup": {
          "allowExisting": true
        }
      }
    },
    "basics": [
      {
        "name": "getLAWorkspace",
        "type": "Microsoft.Solutions.ArmApiControl",
        "toolTip": "This fetches all workspaces in the subscription",
        "condition": "[greater(length(resourceGroup().name),0)]",
        "request": {
          "method": "GET",
          "path": "[concat(subscription().id,'/providers/Microsoft.OperationalInsights/workspaces?api-version=2020-08-01')]"
        }
      },
      {
        "name": "workspace",
        "type": "Microsoft.Common.DropDown",
        "label": "Workspace",
        "placeholder": "Select a workspace",
        "toolTip": "Select the Microsoft Sentinel workspace where you want to deploy the solution",
        "constraints": {
          "allowedValues": "[map(filter(basics('getLAWorkspace').value, (filter) => contains(toLower(filter.id), toLower(resourceGroup().name))), (item) => parse(concat('{\"label\":\"', item.name, '\",\"value\":\"', item.name, '\"}')))]",
          "required": true
        },
        "visible": true
      }
    ],
    "steps": [
      {
        "name": "dataconnectors",
        "label": "Data Connectors",
        "bladeTitle": "Data Connectors",
        "elements": [
          {
            "name": "dataconnectors-text",
            "type": "Microsoft.Common.TextBlock",
            "options": {
              "text": "This solution installs the TacitRed CCF data connector to ingest compromised credential findings into Microsoft Sentinel. After deployment, configure the connector with your TacitRed API key."
            }
          },
          {
            "name": "tacitRedApiKey",
            "type": "Microsoft.Common.PasswordBox",
            "label": {
              "password": "TacitRed API Key",
              "confirmPassword": "Confirm API Key"
            },
            "toolTip": "Enter your TacitRed API key. Obtain this from your TacitRed admin console.",
            "constraints": {
              "required": true,
              "regex": "^[a-fA-F0-9]{8}-[a-fA-F0-9]{4}-[a-fA-F0-9]{4}-[a-fA-F0-9]{4}-[a-fA-F0-9]{12}$",
              "validationMessage": "API key must be a valid UUID format (e.g., a2be534e-6231-4fb0-b8b8-15dbc96e83b7)"
            },
            "options": {
              "hideConfirmation": false
            },
            "visible": true
          },
          {
            "name": "deployConnectors",
            "type": "Microsoft.Common.CheckBox",
            "label": "Deploy TacitRed data connector",
            "toolTip": "Check to automatically configure the TacitRed CCF connector",
            "defaultValue": true
          }
        ]
      },
      {
        "name": "analytics",
        "label": "Analytics",
        "bladeTitle": "Analytics",
        "elements": [
          {
            "name": "analytics-text",
            "type": "Microsoft.Common.TextBlock",
            "options": {
              "text": "This solution includes a pre-configured analytics rule to detect repeat compromise patterns indicating persistent threats or inadequate remediation."
            }
          },
          {
            "name": "deployAnalytics",
            "type": "Microsoft.Common.CheckBox",
            "label": "Deploy TacitRed analytics rule",
            "toolTip": "Check to deploy the Repeat Compromise Detection analytics rule",
            "defaultValue": true
          }
        ]
      },
      {
        "name": "workbooks",
        "label": "Workbooks",
        "bladeTitle": "Workbooks",
        "elements": [
          {
            "name": "workbooks-text",
            "type": "Microsoft.Common.TextBlock",
            "options": {
              "text": "This solution includes a workbook for visualizing TacitRed compromised credential findings and threat patterns."
            }
          },
          {
            "name": "deployWorkbooks",
            "type": "Microsoft.Common.CheckBox",
            "label": "Deploy TacitRed workbook",
            "toolTip": "Check to deploy the TacitRed Compromised Credentials workbook",
            "defaultValue": true
          }
        ]
      }
    ],
    "outputs": {
      "workspace-location": "[location()]",
      "workspace": "[basics('workspace')]",
      "tacitRedApiKey": "[steps('dataconnectors').tacitRedApiKey]",
      "deployConnectors": "[steps('dataconnectors').deployConnectors]",
      "deployAnalytics": "[steps('analytics').deployAnalytics]",
      "deployWorkbooks": "[steps('workbooks').deployWorkbooks]"
    }
  }
}
