{
  "$schema": "https://schema.management.azure.com/schemas/2019-04-01/deploymentTemplate.json#",
  "contentVersion": "1.0.0.0",
  "metadata": {
    "author": "TacitRed",
    "comments": "TacitRed Compromised Credentials Solution for Microsoft Sentinel"
  },
  "parameters": {
    "workspace": {
      "type": "string",
      "metadata": {
        "description": "Workspace name for Microsoft Sentinel"
      }
    },
    "workspace-location": {
      "type": "string",
      "defaultValue": "[resourceGroup().location]",
      "metadata": {
        "description": "Location for workspace and solution resources"
      }
    },
    "tacitRedApiKey": {
      "type": "securestring",
      "metadata": {
        "description": "TacitRed API Key for authentication"
      }
    },
    "deployAnalytics": {
      "type": "bool",
      "defaultValue": true,
      "metadata": {
        "description": "Deploy 3 pre-configured analytics rules for threat detection"
      }
    },
    "deployWorkbooks": {
      "type": "bool",
      "defaultValue": true,
      "metadata": {
        "description": "Deploy 8 visualization workbooks for threat intelligence analysis"
      }
    },
    "deployConnectors": {
      "type": "bool",
      "defaultValue": true,
      "metadata": {
        "description": "Automatically configure CCF connector definition and data connectors via deployment script"
      }
    },
    "forceUpdateTag": {
      "type": "string",
      "defaultValue": "[utcNow('u')]",
      "metadata": {
        "description": "Change value to force re-execution of the deployment script."
      }
    }
  },
  "variables": {
    "workspaceResourceId": "[resourceId('Microsoft.OperationalInsights/Workspaces', parameters('workspace'))]",
    "dceName": "dce-threatintel-feeds",
    "tacitRedDcrName": "dcr-tacitred-findings",
    "_solutionName": "ThreatIntelligenceFeeds",
    "_solutionVersion": "1.0.0",
    "solutionId": "threatintel.sentinel-solution-threatintel-feeds",
    "uamiName": "uami-ccf-deployment"
  },
  "resources": [
    {
      "type": "Microsoft.Insights/dataCollectionEndpoints",
      "apiVersion": "2022-06-01",
      "name": "[variables('dceName')]",
      "location": "[parameters('workspace-location')]",
      "properties": {
        "networkAcls": {
          "publicNetworkAccess": "Enabled"
        }
      }
    },
    {
      "type": "Microsoft.OperationalInsights/workspaces/tables",
      "apiVersion": "2023-09-01",
      "name": "[concat(parameters('workspace'), '/TacitRed_Findings_CL')]",
      "properties": {
        "schema": {
          "name": "TacitRed_Findings_CL",
          "columns": [
            {
              "name": "TimeGenerated",
              "type": "datetime"
            },
            {
              "name": "email_s",
              "type": "string"
            },
            {
              "name": "domain_s",
              "type": "string"
            },
            {
              "name": "findingType_s",
              "type": "string"
            },
            {
              "name": "confidence_d",
              "type": "int"
            },
            {
              "name": "firstSeen_t",
              "type": "datetime"
            },
            {
              "name": "lastSeen_t",
              "type": "datetime"
            },
            {
              "name": "notes_s",
              "type": "string"
            },
            {
              "name": "source_s",
              "type": "string"
            },
            {
              "name": "severity_s",
              "type": "string"
            },
            {
              "name": "status_s",
              "type": "string"
            },
            {
              "name": "campaign_id_s",
              "type": "string"
            },
            {
              "name": "user_id_s",
              "type": "string"
            },
            {
              "name": "username_s",
              "type": "string"
            },
            {
              "name": "detection_ts_t",
              "type": "datetime"
            },
            {
              "name": "metadata_s",
              "type": "string"
            }
          ]
        }
      }
    },
    {
      "type": "Microsoft.Insights/dataCollectionRules",
      "apiVersion": "2022-06-01",
      "name": "[variables('tacitRedDcrName')]",
      "location": "[parameters('workspace-location')]",
      "dependsOn": [
        "[resourceId('Microsoft.Insights/dataCollectionEndpoints', variables('dceName'))]",
        "[resourceId('Microsoft.OperationalInsights/workspaces/tables', parameters('workspace'), 'TacitRed_Findings_CL')]"
      ],
      "properties": {
        "dataCollectionEndpointId": "[resourceId('Microsoft.Insights/dataCollectionEndpoints', variables('dceName'))]",
        "streamDeclarations": {
          "Custom-TacitRed_Findings_CL": {
            "columns": [
              {
                "name": "TimeGenerated",
                "type": "datetime"
              },
              {
                "name": "email",
                "type": "string"
              },
              {
                "name": "domain",
                "type": "string"
              },
              {
                "name": "findingType",
                "type": "string"
              },
              {
                "name": "confidence",
                "type": "int"
              },
              {
                "name": "firstSeen",
                "type": "datetime"
              },
              {
                "name": "lastSeen",
                "type": "datetime"
              },
              {
                "name": "notes",
                "type": "string"
              },
              {
                "name": "source",
                "type": "string"
              },
              {
                "name": "severity",
                "type": "string"
              },
              {
                "name": "status",
                "type": "string"
              },
              {
                "name": "campaign_id",
                "type": "string"
              },
              {
                "name": "user_id",
                "type": "string"
              },
              {
                "name": "username",
                "type": "string"
              },
              {
                "name": "detection_ts",
                "type": "datetime"
              },
              {
                "name": "metadata",
                "type": "string"
              }
            ]
          }
        },
        "destinations": {
          "logAnalytics": [
            {
              "workspaceResourceId": "[variables('workspaceResourceId')]",
              "name": "clv2ws1"
            }
          ]
        },
        "dataFlows": [
          {
            "streams": [
              "Custom-TacitRed_Findings_CL"
            ],
            "destinations": [
              "clv2ws1"
            ],
            "transformKql": "source | extend TimeGenerated = now()",
            "outputStream": "Custom-TacitRed_Findings_CL"
          }
        ]
      }
    },
    {
      "type": "Microsoft.ManagedIdentity/userAssignedIdentities",
      "apiVersion": "2023-01-31",
      "name": "[variables('uamiName')]",
      "location": "[parameters('workspace-location')]"
    },
    {
      "type": "Microsoft.Authorization/roleAssignments",
      "apiVersion": "2022-04-01",
      "name": "[guid(variables('workspaceResourceId'), variables('uamiName'), 'sentinel-contributor')]",
      "scope": "[variables('workspaceResourceId')]",
      "dependsOn": [
        "[resourceId('Microsoft.ManagedIdentity/userAssignedIdentities', variables('uamiName'))]"
      ],
      "properties": {
        "roleDefinitionId": "[subscriptionResourceId('Microsoft.Authorization/roleDefinitions', 'b24988ac-6180-42a0-ab88-20f7382dd24c')]",
        "principalId": "[reference(resourceId('Microsoft.ManagedIdentity/userAssignedIdentities', variables('uamiName')), '2023-01-31').principalId]",
        "principalType": "ServicePrincipal"
      }
    },
    {
      "type": "Microsoft.Authorization/roleAssignments",
      "apiVersion": "2022-04-01",
      "name": "[guid(resourceGroup().id, variables('uamiName'), 'rg-contributor')]",
      "dependsOn": [
        "[resourceId('Microsoft.ManagedIdentity/userAssignedIdentities', variables('uamiName'))]"
      ],
      "properties": {
        "roleDefinitionId": "[subscriptionResourceId('Microsoft.Authorization/roleDefinitions', 'b24988ac-6180-42a0-ab88-20f7382dd24c')]",
        "principalId": "[reference(resourceId('Microsoft.ManagedIdentity/userAssignedIdentities', variables('uamiName')), '2023-01-31').principalId]",
        "principalType": "ServicePrincipal"
      }
    },
    {
      "condition": "[parameters('deployConnectors')]",
      "type": "Microsoft.Resources/deploymentScripts",
      "apiVersion": "2020-10-01",
      "name": "configure-ccf-connectors",
      "location": "[parameters('workspace-location')]",
      "kind": "AzureCLI",
      "identity": {
        "type": "UserAssigned",
        "userAssignedIdentities": {
          "[resourceId('Microsoft.ManagedIdentity/userAssignedIdentities', variables('uamiName'))]": {}
        }
      },
      "dependsOn": [
        "[resourceId('Microsoft.Insights/dataCollectionEndpoints', variables('dceName'))]",
        "[resourceId('Microsoft.Insights/dataCollectionRules', variables('tacitRedDcrName'))]",
        "[extensionResourceId(variables('workspaceResourceId'), 'Microsoft.Authorization/roleAssignments', guid(variables('workspaceResourceId'), variables('uamiName'), 'sentinel-contributor'))]"
      ],
      "properties": {
        "forceUpdateTag": "[parameters('forceUpdateTag')]",
        "azCliVersion": "2.51.0",
        "timeout": "PT20M",
        "cleanupPreference": "OnSuccess",
        "retentionInterval": "P1D",
        "environmentVariables": [
          {
            "name": "WORKSPACE_ID",
            "value": "[variables('workspaceResourceId')]"
          },
          {
            "name": "SUBSCRIPTION_ID",
            "value": "[subscription().subscriptionId]"
          },
          {
            "name": "RESOURCE_GROUP",
            "value": "[resourceGroup().name]"
          },
          {
            "name": "DCE_ENDPOINT",
            "value": "[reference(resourceId('Microsoft.Insights/dataCollectionEndpoints', variables('dceName')), '2022-06-01', 'full').properties.logsIngestion.endpoint]"
          },
          {
            "name": "DCR_TACITRED",
            "value": "[reference(resourceId('Microsoft.Insights/dataCollectionRules', variables('tacitRedDcrName')), '2022-06-01', 'full').properties.immutableId]"
          },
          {
            "name": "TACITRED_APIKEY",
            "secureValue": "[parameters('tacitRedApiKey')]"
          }
        ],
        "scriptContent": "#!/usr/bin/env bash\nset -euo pipefail\n\necho 'Logging in with managed identity'\naz login --identity --allow-no-subscriptions >/dev/null\n\necho \"Setting subscription ${SUBSCRIPTION_ID}\"\naz account set --subscription \"${SUBSCRIPTION_ID}\"\n\n# Allow RBAC propagation before calling SecurityInsights APIs\nsleep 20\n\nBASE_URL=\"https://management.azure.com${WORKSPACE_ID}/providers/Microsoft.SecurityInsights\"\n\necho 'Creating connector definition (TacitRedThreatIntel)...'\naz rest --method PUT --url \"${BASE_URL}/dataConnectorDefinitions/TacitRedThreatIntel?api-version=2024-09-01\" --headers \"Content-Type=application/json\" --body @- <<'DEF_EOF' || true\n{\n  \"kind\": \"Customizable\",\n  \"properties\": {\n    \"connectorUiConfig\": {\n      \"id\": \"TacitRedThreatIntel\",\n      \"title\": \"Threat Intelligence Feeds (TacitRed)\",\n      \"publisher\": \"TacitRed\",\n      \"descriptionMarkdown\": \"Ingest threat intelligence from TacitRed (compromised credentials) and Cyren (IP reputation, malware URLs) to identify and respond to threats targeting your organization.\",\n      \"graphQueriesTableName\": \"ThreatIntel_CL\",\n      \"graphQueries\": [{\n        \"metricName\": \"Total threat indicators received\",\n        \"legend\": \"Threat Indicators\",\n        \"baseQuery\": \"TacitRed_Findings_CL\"\n      }],\n      \"sampleQueries\": [\n        {\n          \"description\": \"TacitRed - Compromised credentials from last 7 days\",\n          \"query\": \"TacitRed_Findings_CL | where TimeGenerated >= ago(7d) | where findingType_s == 'compromised_credential' | project TimeGenerated, email_s, domain_s, confidence_d, source_s\"\n        },\n        {\n          \"description\": \"{\n          \"description\": \"Cross-feed correlation - Compromised users accessing malicious IPs\",\n          \"query\": \"TacitRed_Findings_CL | join kind=inner (Cyren_Indicators_CL | where category_s == 'malware') on $left.domain_s == $right.domain_s | project TimeGenerated, email_s, domain_s, risk_d, category_s\"\n        }\n      ],\n      \"dataTypes\": [\n        { \"name\": \"TacitRed_Findings_CL\", \"lastDataReceivedQuery\": \"TacitRed_Findings_CL | summarize Time = max(TimeGenerated) | where isnotempty(Time)\" },\n        { \"name\": \"Cyren_Indicators_CL\", \"lastDataReceivedQuery\": \"Cyren_Indicators_CL | summarize Time = max(TimeGenerated) | where isnotempty(Time)\" }\n      ],\n      \"connectivityCriteria\": [{ \"type\": \"HasDataConnectors\", \"value\": [] }],\n      \"availability\": { \"status\": \"Available\", \"isPreview\": false }\n    }\n  }\n}\nDEF_EOF || true\n\necho 'Patching connector definition with required permissions (minimal)...'\naz rest --method PUT --url \"${BASE_URL}/dataConnectorDefinitions/TacitRedThreatIntel?api-version=2024-09-01\" --headers \"Content-Type=application/json\" --body @- <<'DEF_MIN'\n{\n  \"kind\": \"Customizable\",\n  \"properties\": {\n    \"connectorUiConfig\": {\n      \"id\": \"TacitRedThreatIntel\",\n      \"title\": \"Threat Intelligence Feeds (TacitRed)\",\n      \"publisher\": \"TacitRed\",\n      \"permissions\": {\n        \"resourceProvider\": [\n          {\n            \"provider\": \"Microsoft.OperationalInsights/workspaces\",\n            \"permissionsDisplayText\": \"read and write permissions are required\",\n            \"providerDisplayName\": \"Workspace\",\n            \"scope\": \"Workspace\",\n            \"requiredPermissions\": { \"write\": true, \"read\": true, \"delete\": false }\n          },\n          {\n            \"provider\": \"Microsoft.OperationalInsights/workspaces/sharedKeys\",\n            \"permissionsDisplayText\": \"read permissions to shared keys for the workspace are required\",\n            \"providerDisplayName\": \"Keys\",\n            \"scope\": \"Workspace\",\n            \"requiredPermissions\": { \"action\": true }\n          }\n        ],\n        \"customs\": [\n          { \"name\": \"TacitRed API Key\", \"description\": \"TacitRed API key is required for authentication. Obtain from TacitRed admin console.\" },\n          { \"name\": \"Cyren JWT Tokens\", \"description\": \"Cyren JWT tokens are required for both IP Reputation and Malware URLs feeds. Obtain from Cyren portal.\" }\n        ]\n      },\n      \"instructionSteps\": [\n        { \"title\": \"1. Configure TacitRed API Access\", \"description\": \"Obtain your TacitRed API key from the TacitRed admin console\", \"instructions\": [ { \"parameters\": { \"label\": \"TacitRed API Key\", \"placeholder\": \"Enter your TacitRed API Key\", \"type\": \"password\", \"name\": \"tacitRedApiKey\" }, \"type\": \"Textbox\" } ] },\n        { \"title\": \"2. Configure Cyren API Access\", \"description\": \"Obtain your Cyren JWT tokens for IP Reputation and Malware URLs feeds\", \"instructions\": [ { \"parameters\": { \"label\": \"Cyren IP Reputation JWT Token\", \"placeholder\": \"Enter JWT token for IP Reputation feed\", \"type\": \"password\", \"name\": \"cyrenIPJwtToken\" }, \"type\": \"Textbox\" }, { \"parameters\": { \"label\": \"Cyren Malware URLs JWT Token\", \"placeholder\": \"Enter JWT token for Malware URLs feed\", \"type\": \"password\", \"name\": \"cyrenMalwareJwtToken\" }, \"type\": \"Textbox\" } ] }\n      ]\n    }\n  }\n}\nDEF_MIN\n\necho 'Creating data connector: TacitRedFindings'\naz rest --method PUT --url \"${BASE_URL}/dataConnectors/TacitRedFindings?api-version=2022-10-01-preview\" --headers \"Content-Type=application/json\" --body @- <<EOF\n{\n  \"kind\": \"RestApiPoller\",\n  \"properties\": {\n    \"connectorDefinitionName\": \"TacitRedThreatIntel\",\n    \"dataType\": \"TacitRed_Findings_CL\",\n    \"dcrConfig\": {\n      \"streamName\": \"Custom-TacitRed_Findings_CL\",\n      \"dataCollectionEndpoint\": \"${DCE_ENDPOINT}\",\n      \"dataCollectionRuleImmutableId\": \"${DCR_TACITRED}\"\n    },\n    \"auth\": {\n      \"type\": \"APIKey\",\n      \"ApiKey\": \"${TACITRED_APIKEY}\",\n      \"ApiKeyName\": \"Authorization\"\n    },\n    \"request\": {\n      \"apiEndpoint\": \"https://app.tacitred.com/api/v1/findings\",\n      \"httpMethod\": \"GET\",\n      \"queryParameters\": { \"page_size\": 100 },\n      \"queryWindowInMin\": 360,\n      \"queryTimeFormat\": \"yyyy-MM-ddTHH:mm:ssZ\",\n      \"startTimeAttributeName\": \"from\",\n      \"endTimeAttributeName\": \"until\",\n      \"rateLimitQps\": 10,\n      \"retryCount\": 3,\n      \"timeoutInSeconds\": 60,\n      \"headers\": { \"Accept\": \"application/json\", \"User-Agent\": \"Microsoft-Sentinel-TacitRed/1.0\" }\n    },\n    \"paging\": { \"pagingType\": \"LinkHeader\", \"linkHeaderRelLinkName\": \"rel=next\" },\n    \"response\": { \"eventsJsonPaths\": [\"$.results\"] }\n  }\n}\nEOF\n\necho 'All CCF connectors configured.'\n"
      }
    },
    {
      "condition": "[parameters('deployWorkbooks')]",
      "type": "Microsoft.Insights/workbooks",
      "apiVersion": "2022-04-01",
      "name": "[guid(resourceGroup().id, 'workbook-ti-command-center')]",
      "location": "[parameters('workspace-location')]",
      "kind": "shared",
      "properties": {
        "displayName": "Threat Intelligence Command Center",
        "serializedData": "{\"version\":\"Notebook/1.0\",\"items\":[{\"type\":1,\"content\":{\"json\":\"# 🎯 Threat Intelligence Command Center\\n\\n## Real-Time Operational Dashboard\\n\\n**Features:**\\n- 📊 Real-Time Threat Monitoring\\n- ⚡ Threat Activity Timeline\\n- 🔍 Statistical Analysis\\n- 🔗 Cross-Feed Correlation\\n\\n**Data Sources:** Cyren Malware + TacitRed Credentials\"},\"name\":\"header-text\"},{\"type\":9,\"content\":{\"version\":\"KqlParameterItem/1.0\",\"parameters\":[{\"id\":\"time-param\",\"version\":\"KqlParameterItem/1.0\",\"name\":\"TimeRange\",\"type\":4,\"isRequired\":true,\"value\":{\"durationMs\":86400000},\"typeSettings\":{\"selectableValues\":[{\"durationMs\":3600000},{\"durationMs\":86400000},{\"durationMs\":604800000}],\"allowCustom\":true},\"label\":\"Time Range\"}],\"style\":\"pills\",\"queryType\":0,\"resourceType\":\"microsoft.operationalinsights/workspaces\"},\"name\":\"parameters-1\"},{\"type\":3,\"content\":{\"version\":\"KqlItem/1.0\",\"query\":\"// REAL-TIME THREAT SCORE TIMELINE\\nunion withsource=TableName Cyren_Indicators_CL, TacitRed_Findings_CL\\n| where TimeGenerated > ago(7d)\\n| extend \\n    ThreatScore = toint(iif(TableName == \\\"Cyren_Indicators_CL\\\", iif(isnull(risk_d), 50, risk_d), iif(isnull(confidence_d), 50, confidence_d))),\\n    Source = case(TableName == \\\"Cyren_Indicators_CL\\\", \\\"Cyren\\\", \\\"TacitRed\\\")\\n| summarize AvgThreatScore = avg(ThreatScore), Count = count() by bin(TimeGenerated, 1h), Source\\n| order by TimeGenerated asc\",\"size\":0,\"title\":\"🔥 Real-Time Threat Score Timeline\",\"timeContext\":{\"durationMs\":0},\"timeContextFromParameter\":\"TimeRange\",\"queryType\":0,\"resourceType\":\"microsoft.operationalinsights/workspaces\",\"visualization\":\"linechart\"},\"name\":\"query-timeline\"},{\"type\":3,\"content\":{\"version\":\"KqlItem/1.0\",\"query\":\"// THREAT VELOCITY & ACCELERATION\\nlet baseline = union Cyren_Indicators_CL, TacitRed_Findings_CL\\n| where TimeGenerated between(ago(48h)..ago(24h))\\n| summarize BaselineCount = count();\\nlet current = union Cyren_Indicators_CL, TacitRed_Findings_CL\\n| where TimeGenerated >= ago(24h)\\n| summarize CurrentCount = count();\\nbaseline\\n| extend CurrentCount = toscalar(current)\\n| extend \\n    Velocity = CurrentCount - BaselineCount,\\n    PercentChange = round(100.0 * (CurrentCount - BaselineCount) / BaselineCount, 2),\\n    Trend = case(\\n        CurrentCount > BaselineCount * 1.2, \\\"📈 Accelerating\\\",\\n        CurrentCount < BaselineCount * 0.8, \\\"📉 Decelerating\\\",\\n        \\\"➡️ Stable\\\"\\n    )\\n| project Trend, Velocity, PercentChange, BaselineCount, CurrentCount\",\"size\":0,\"title\":\"⚡ Threat Velocity & Acceleration\",\"timeContext\":{\"durationMs\":172800000},\"queryType\":0,\"resourceType\":\"microsoft.operationalinsights/workspaces\",\"visualization\":\"table\"},\"name\":\"query-velocity\"},{\"type\":3,\"content\":{\"version\":\"KqlItem/1.0\",\"query\":\"// STATISTICAL ANOMALY DETECTION\\nunion Cyren_Indicators_CL, TacitRed_Findings_CL\\n| where TimeGenerated >= ago(7d)\\n| summarize HourlyCount = count() by bin(TimeGenerated, 1h)\\n| summarize \\n    AvgCount = avg(HourlyCount),\\n    StdDev = stdev(HourlyCount),\\n    MaxCount = max(HourlyCount),\\n    MinCount = min(HourlyCount)\\n| extend \\n    UpperThreshold = AvgCount + (2 * StdDev),\\n    LowerThreshold = AvgCount - (2 * StdDev),\\n    AnomalyStatus = case(\\n        MaxCount > AvgCount + (2 * StdDev), \\\"⚠️ Anomaly Detected\\\",\\n        \\\"✅ Normal\\\"\\n    )\\n| project \\n    AnomalyStatus,\\n    AvgCount = round(AvgCount, 2),\\n    StdDev = round(StdDev, 2),\\n    UpperThreshold = round(UpperThreshold, 2),\\n    MaxCount\",\"size\":0,\"title\":\"🚨 Statistical Anomaly Detection\",\"timeContext\":{\"durationMs\":604800000},\"queryType\":0,\"resourceType\":\"microsoft.operationalinsights/workspaces\",\"visualization\":\"table\"},\"name\":\"query-anomaly\"}],\"styleSettings\":{},\"$schema\":\"https://github.com/Microsoft/Application-Insights-Workbooks/blob/master/schema/workbook.json\"}",
        "version": "1.0",
        "sourceId": "[variables('workspaceResourceId')]",
        "category": "sentinel"
      }
    },
    {
      "condition": "[parameters('deployWorkbooks')]",
      "type": "Microsoft.Insights/workbooks",
      "apiVersion": "2022-04-01",
      "name": "[guid(resourceGroup().id, 'workbook-ti-command-center-enhanced')]",
      "location": "[parameters('workspace-location')]",
      "kind": "shared",
      "properties": {
        "displayName": "Threat Intelligence Command Center (Enhanced)",
        "serializedData": "{\"version\":\"Notebook/1.0\",\"items\":[{\"type\":1,\"content\":{\"json\":\"# 🎯 Threat Intelligence Command Center\\n\\n## Real-Time Operational Dashboard\\n\\n**Features:**\\n- 📊 Real-Time Threat Monitoring\\n- ⚡ Threat Activity Timeline\\n- 🔍 Statistical Analysis\\n- 🔗 Cross-Feed Correlation\\n\\n**Data Sources:** Cyren Malware + TacitRed Credentials\"},\"name\":\"header-text\"},{\"type\":9,\"content\":{\"version\":\"KqlParameterItem/1.0\",\"parameters\":[{\"id\":\"time-param\",\"version\":\"KqlParameterItem/1.0\",\"name\":\"TimeRange\",\"type\":4,\"isRequired\":true,\"value\":{\"durationMs\":86400000},\"typeSettings\":{\"selectableValues\":[{\"durationMs\":3600000},{\"durationMs\":86400000},{\"durationMs\":604800000}],\"allowCustom\":true},\"label\":\"Time Range\"}],\"style\":\"pills\",\"queryType\":0,\"resourceType\":\"microsoft.operationalinsights/workspaces\"},\"name\":\"parameters-1\"},{\"type\":3,\"content\":{\"version\":\"KqlItem/1.0\",\"query\":\"// REAL-TIME THREAT SCORE TIMELINE\\nunion withsource=TableName Cyren_Indicators_CL, TacitRed_Findings_CL\\n| where TimeGenerated > ago(7d)\\n| extend \\n    ThreatScore = toint(iif(TableName == \\\"Cyren_Indicators_CL\\\", iif(isnull(risk_d), 50, risk_d), iif(isnull(confidence_d), 50, confidence_d))),\\n    Source = case(TableName == \\\"Cyren_Indicators_CL\\\", \\\"Cyren\\\", \\\"TacitRed\\\")\\n| summarize AvgThreatScore = avg(ThreatScore), Count = count() by bin(TimeGenerated, 1h), Source\\n| order by TimeGenerated asc\",\"size\":0,\"title\":\"🔥 Real-Time Threat Score Timeline\",\"timeContext\":{\"durationMs\":0},\"timeContextFromParameter\":\"TimeRange\",\"queryType\":0,\"resourceType\":\"microsoft.operationalinsights/workspaces\",\"visualization\":\"linechart\"},\"name\":\"query-timeline\"},{\"type\":3,\"content\":{\"version\":\"KqlItem/1.0\",\"query\":\"// THREAT VELOCITY & ACCELERATION\\nlet baseline = union Cyren_Indicators_CL, TacitRed_Findings_CL\\n| where TimeGenerated between(ago(48h)..ago(24h))\\n| summarize BaselineCount = count();\\nlet current = union Cyren_Indicators_CL, TacitRed_Findings_CL\\n| where TimeGenerated >= ago(24h)\\n| summarize CurrentCount = count();\\nbaseline\\n| extend CurrentCount = toscalar(current)\\n| extend \\n    Velocity = CurrentCount - BaselineCount,\\n    PercentChange = round(100.0 * (CurrentCount - BaselineCount) / BaselineCount, 2),\\n    Trend = case(\\n        CurrentCount > BaselineCount * 1.2, \\\"📈 Accelerating\\\",\\n        CurrentCount < BaselineCount * 0.8, \\\"📉 Decelerating\\\",\\n        \\\"➡️ Stable\\\"\\n    )\\n| project Trend, Velocity, PercentChange, BaselineCount, CurrentCount\",\"size\":0,\"title\":\"⚡ Threat Velocity & Acceleration\",\"timeContext\":{\"durationMs\":172800000},\"queryType\":0,\"resourceType\":\"microsoft.operationalinsights/workspaces\",\"visualization\":\"table\"},\"name\":\"query-velocity\"},{\"type\":3,\"content\":{\"version\":\"KqlItem/1.0\",\"query\":\"// STATISTICAL ANOMALY DETECTION\\nunion Cyren_Indicators_CL, TacitRed_Findings_CL\\n| where TimeGenerated >= ago(7d)\\n| summarize HourlyCount = count() by bin(TimeGenerated, 1h)\\n| summarize \\n    AvgCount = avg(HourlyCount),\\n    StdDev = stdev(HourlyCount),\\n    MaxCount = max(HourlyCount),\\n    MinCount = min(HourlyCount)\\n| extend \\n    UpperThreshold = AvgCount + (2 * StdDev),\\n    LowerThreshold = AvgCount - (2 * StdDev),\\n    AnomalyStatus = case(\\n        MaxCount > AvgCount + (2 * StdDev), \\\"⚠️ Anomaly Detected\\\",\\n        \\\"✅ Normal\\\"\\n    )\\n| project \\n    AnomalyStatus,\\n    AvgCount = round(AvgCount, 2),\\n    StdDev = round(StdDev, 2),\\n    UpperThreshold = round(UpperThreshold, 2),\\n    MaxCount\",\"size\":0,\"title\":\"🚨 Statistical Anomaly Detection\",\"timeContext\":{\"durationMs\":604800000},\"queryType\":0,\"resourceType\":\"microsoft.operationalinsights/workspaces\",\"visualization\":\"table\"},\"name\":\"query-anomaly\"}],\"styleSettings\":{},\"$schema\":\"https://github.com/Microsoft/Application-Insights-Workbooks/blob/master/schema/workbook.json\"}",
        "version": "1.0",
        "sourceId": "[variables('workspaceResourceId')]",
        "category": "sentinel"
      }
    },
    {
      "condition": "[parameters('deployWorkbooks')]",
      "type": "Microsoft.Insights/workbooks",
      "apiVersion": "2022-04-01",
      "name": "[guid(resourceGroup().id, 'workbook-executive-risk-dashboard')]",
      "location": "[parameters('workspace-location')]",
      "kind": "shared",
      "properties": {
        "displayName": "Executive Risk Dashboard",
        "serializedData": "{\"version\":\"Notebook/1.0\",\"items\":[{\"type\":1,\"content\":{\"json\":\"# 📊 Executive Risk Dashboard\\n\\n## Business Impact & Risk Visibility\\n\\n**Key Metrics:**\\n- Overall Risk Level\\n- Total Threats Detected\\n- Active Threats (Last 48h)\\n- 7-Day and 30-Day Trends\\n\\n**Data Sources:** Cyren Malware URLs + TacitRed Findings\"},\"name\":\"header-text\"},{\"type\":9,\"content\":{\"version\":\"KqlParameterItem/1.0\",\"parameters\":[{\"id\":\"time-param\",\"version\":\"KqlParameterItem/1.0\",\"name\":\"TimeRange\",\"type\":4,\"isRequired\":true,\"value\":{\"durationMs\":604800000},\"typeSettings\":{\"selectableValues\":[{\"durationMs\":86400000},{\"durationMs\":604800000},{\"durationMs\":2592000000}],\"allowCustom\":true},\"label\":\"Time Range\"}],\"style\":\"pills\",\"queryType\":0,\"resourceType\":\"microsoft.operationalinsights/workspaces\"},\"name\":\"parameters-1\"},{\"type\":3,\"content\":{\"version\":\"KqlItem/1.0\",\"query\":\"// OVERALL RISK METRICS\\nlet CyrenData = Cyren_Indicators_CL\\n| where TimeGenerated > ago(7d)\\n| extend \\n    Risk = toint(iif(isnull(risk_d), 50, risk_d)),\\n    LastSeen = iif(isnull(lastSeen_t), TimeGenerated, lastSeen_t)\\n| extend \\n    IsActive = datetime_diff('hour', now(), LastSeen) <= 48\\n| summarize \\n    TotalThreats = count(),\\n    ActiveThreats = countif(IsActive),\\n    AvgRisk = avg(Risk)\\n| extend Source = \\\"Cyren\\\";\\nlet TacitRedData = TacitRed_Findings_CL\\n| where TimeGenerated > ago(7d)\\n| extend \\n    Confidence = todouble(iif(isnull(confidence_d), 50, confidence_d)),\\n    LastSeen = iif(isnull(lastSeen_t), TimeGenerated, lastSeen_t)\\n| extend \\n    IsActive = datetime_diff('hour', now(), LastSeen) <= 48\\n| summarize \\n    TotalThreats = count(),\\n    ActiveThreats = countif(IsActive),\\n    AvgRisk = avg(Confidence)\\n| extend Source = \\\"TacitRed\\\";\\nunion CyrenData, TacitRedData\\n| summarize \\n    TotalThreats = sum(TotalThreats),\\n    TotalActive = sum(ActiveThreats),\\n    WeightedAvgRisk = avg(AvgRisk)\\n| extend \\n    OverallRiskLevel = case(\\n        TotalActive >= 50, \\\"🔴 Critical\\\",\\n        TotalActive >= 25, \\\"🟠 High\\\",\\n        TotalActive >= 10, \\\"🟡 Elevated\\\",\\n        \\\"🟢 Normal\\\"\\n    )\\n| project \\n    OverallRiskLevel,\\n    TotalThreats,\\n    ActiveThreats = TotalActive,\\n    WeightedAvgRisk = round(WeightedAvgRisk, 2)\",\"size\":0,\"title\":\"📊 Overall Risk Assessment\",\"timeContext\":{\"durationMs\":0},\"timeContextFromParameter\":\"TimeRange\",\"queryType\":0,\"resourceType\":\"microsoft.operationalinsights/workspaces\",\"visualization\":\"table\"},\"name\":\"query-overall-risk\"},{\"type\":3,\"content\":{\"version\":\"KqlItem/1.0\",\"query\":\"// 30-DAY THREAT TREND\\nunion withsource=TableName Cyren_Indicators_CL, TacitRed_Findings_CL\\n| where TimeGenerated >= ago(30d)\\n| extend Source = case(\\n    TableName == \\\"Cyren_Indicators_CL\\\", \\\"Cyren\\\",\\n    \\\"TacitRed\\\"\\n)\\n| summarize Count = count() by bin(TimeGenerated, 1d), Source\\n| order by TimeGenerated asc\",\"size\":0,\"title\":\"📈 30-Day Threat Trend\",\"timeContext\":{\"durationMs\":2592000000},\"queryType\":0,\"resourceType\":\"microsoft.operationalinsights/workspaces\",\"visualization\":\"areachart\"},\"name\":\"query-trend\"},{\"type\":3,\"content\":{\"version\":\"KqlItem/1.0\",\"query\":\"// SLA PERFORMANCE METRICS\\nlet SLATarget = 4.0;\\nCyren_Indicators_CL\\n| where TimeGenerated >= ago(7d)\\n| extend \\n    DetectionTime = TimeGenerated,\\n    ReportedTime = iif(isnull(lastSeen_t), TimeGenerated, lastSeen_t)\\n| extend ResponseTimeHours = datetime_diff('hour', ReportedTime, DetectionTime)\\n| summarize \\n    AvgResponseTime = avg(ResponseTimeHours),\\n    MaxResponseTime = max(ResponseTimeHours),\\n    SLACompliance = round(100.0 * countif(ResponseTimeHours <= SLATarget) / count(), 2)\\n| extend \\n    SLAStatus = case(\\n        SLACompliance >= 95, \\\"✅ Excellent\\\",\\n        SLACompliance >= 85, \\\"✔️ Good\\\",\\n        SLACompliance >= 75, \\\"⚠️ Needs Improvement\\\",\\n        \\\"❌ Critical\\\"\\n    )\\n| project \\n    SLAStatus,\\n    SLACompliance,\\n    AvgResponseTime = round(AvgResponseTime, 2),\\n    MaxResponseTime = round(MaxResponseTime, 2)\",\"size\":0,\"title\":\"🎯 SLA Performance Metrics\",\"timeContext\":{\"durationMs\":604800000},\"queryType\":0,\"resourceType\":\"microsoft.operationalinsights/workspaces\",\"visualization\":\"table\"},\"name\":\"query-sla\"}],\"styleSettings\":{},\"$schema\":\"https://github.com/Microsoft/Application-Insights-Workbooks/blob/master/schema/workbook.json\"}",
        "version": "1.0",
        "sourceId": "[variables('workspaceResourceId')]",
        "category": "sentinel"
      }
    },
    {
      "condition": "[parameters('deployWorkbooks')]",
      "type": "Microsoft.Insights/workbooks",
      "apiVersion": "2022-04-01",
      "name": "[guid(resourceGroup().id, 'workbook-executive-risk-dashboard-enhanced')]",
      "location": "[parameters('workspace-location')]",
      "kind": "shared",
      "properties": {
        "displayName": "Executive Risk Dashboard (Enhanced)",
        "serializedData": "{\"version\":\"Notebook/1.0\",\"items\":[{\"type\":1,\"content\":{\"json\":\"# 📊 Executive Risk Dashboard\\n\\n## Business Impact & Risk Visibility\\n\\n**Key Metrics:**\\n- Overall Risk Level\\n- Total Threats Detected\\n- Active Threats (Last 48h)\\n- 7-Day and 30-Day Trends\\n\\n**Data Sources:** Cyren Malware URLs + TacitRed Findings\"},\"name\":\"header-text\"},{\"type\":9,\"content\":{\"version\":\"KqlParameterItem/1.0\",\"parameters\":[{\"id\":\"time-param\",\"version\":\"KqlParameterItem/1.0\",\"name\":\"TimeRange\",\"type\":4,\"isRequired\":true,\"value\":{\"durationMs\":604800000},\"typeSettings\":{\"selectableValues\":[{\"durationMs\":86400000},{\"durationMs\":604800000},{\"durationMs\":2592000000}],\"allowCustom\":true},\"label\":\"Time Range\"}],\"style\":\"pills\",\"queryType\":0,\"resourceType\":\"microsoft.operationalinsights/workspaces\"},\"name\":\"parameters-1\"},{\"type\":3,\"content\":{\"version\":\"KqlItem/1.0\",\"query\":\"// OVERALL RISK METRICS\\nlet CyrenData = Cyren_Indicators_CL\\n| where TimeGenerated > ago(7d)\\n| extend \\n    Risk = toint(iif(isnull(risk_d), 50, risk_d)),\\n    LastSeen = iif(isnull(lastSeen_t), TimeGenerated, lastSeen_t)\\n| extend \\n    IsActive = datetime_diff('hour', now(), LastSeen) <= 48\\n| summarize \\n    TotalThreats = count(),\\n    ActiveThreats = countif(IsActive),\\n    AvgRisk = avg(Risk)\\n| extend Source = \\\"Cyren\\\";\\nlet TacitRedData = TacitRed_Findings_CL\\n| where TimeGenerated > ago(7d)\\n| extend \\n    Confidence = todouble(iif(isnull(confidence_d), 50, confidence_d)),\\n    LastSeen = iif(isnull(lastSeen_t), TimeGenerated, lastSeen_t)\\n| extend \\n    IsActive = datetime_diff('hour', now(), LastSeen) <= 48\\n| summarize \\n    TotalThreats = count(),\\n    ActiveThreats = countif(IsActive),\\n    AvgRisk = avg(Confidence)\\n| extend Source = \\\"TacitRed\\\";\\nunion CyrenData, TacitRedData\\n| summarize \\n    TotalThreats = sum(TotalThreats),\\n    TotalActive = sum(ActiveThreats),\\n    WeightedAvgRisk = avg(AvgRisk)\\n| extend \\n    OverallRiskLevel = case(\\n        TotalActive >= 50, \\\"🔴 Critical\\\",\\n        TotalActive >= 25, \\\"🟠 High\\\",\\n        TotalActive >= 10, \\\"🟡 Elevated\\\",\\n        \\\"🟢 Normal\\\"\\n    )\\n| project \\n    OverallRiskLevel,\\n    TotalThreats,\\n    ActiveThreats = TotalActive,\\n    WeightedAvgRisk = round(WeightedAvgRisk, 2)\",\"size\":0,\"title\":\"📊 Overall Risk Assessment\",\"timeContext\":{\"durationMs\":0},\"timeContextFromParameter\":\"TimeRange\",\"queryType\":0,\"resourceType\":\"microsoft.operationalinsights/workspaces\",\"visualization\":\"table\"},\"name\":\"query-overall-risk\"},{\"type\":3,\"content\":{\"version\":\"KqlItem/1.0\",\"query\":\"// 30-DAY THREAT TREND\\nunion withsource=TableName Cyren_Indicators_CL, TacitRed_Findings_CL\\n| where TimeGenerated >= ago(30d)\\n| extend Source = case(\\n    TableName == \\\"Cyren_Indicators_CL\\\", \\\"Cyren\\\",\\n    \\\"TacitRed\\\"\\n)\\n| summarize Count = count() by bin(TimeGenerated, 1d), Source\\n| order by TimeGenerated asc\",\"size\":0,\"title\":\"📈 30-Day Threat Trend\",\"timeContext\":{\"durationMs\":2592000000},\"queryType\":0,\"resourceType\":\"microsoft.operationalinsights/workspaces\",\"visualization\":\"areachart\"},\"name\":\"query-trend\"},{\"type\":3,\"content\":{\"version\":\"KqlItem/1.0\",\"query\":\"// SLA PERFORMANCE METRICS\\nlet SLATarget = 4.0;\\nCyren_Indicators_CL\\n| where TimeGenerated >= ago(7d)\\n| extend \\n    DetectionTime = TimeGenerated,\\n    ReportedTime = iif(isnull(lastSeen_t), TimeGenerated, lastSeen_t)\\n| extend ResponseTimeHours = datetime_diff('hour', ReportedTime, DetectionTime)\\n| summarize \\n    AvgResponseTime = avg(ResponseTimeHours),\\n    MaxResponseTime = max(ResponseTimeHours),\\n    SLACompliance = round(100.0 * countif(ResponseTimeHours <= SLATarget) / count(), 2)\\n| extend \\n    SLAStatus = case(\\n        SLACompliance >= 95, \\\"✅ Excellent\\\",\\n        SLACompliance >= 85, \\\"✔️ Good\\\",\\n        SLACompliance >= 75, \\\"⚠️ Needs Improvement\\\",\\n        \\\"❌ Critical\\\"\\n    )\\n| project \\n    SLAStatus,\\n    SLACompliance,\\n    AvgResponseTime = round(AvgResponseTime, 2),\\n    MaxResponseTime = round(MaxResponseTime, 2)\",\"size\":0,\"title\":\"🎯 SLA Performance Metrics\",\"timeContext\":{\"durationMs\":604800000},\"queryType\":0,\"resourceType\":\"microsoft.operationalinsights/workspaces\",\"visualization\":\"table\"},\"name\":\"query-sla\"}],\"styleSettings\":{},\"$schema\":\"https://github.com/Microsoft/Application-Insights-Workbooks/blob/master/schema/workbook.json\"}",
        "version": "1.0",
        "sourceId": "[variables('workspaceResourceId')]",
        "category": "sentinel"
      }
    },
    {
      "condition": "[parameters('deployWorkbooks')]",
      "type": "Microsoft.Insights/workbooks",
      "apiVersion": "2022-04-01",
      "name": "[guid(resourceGroup().id, 'workbook-threat-hunters-arsenal')]",
      "location": "[parameters('workspace-location')]",
      "kind": "shared",
      "properties": {
        "displayName": "Threat Hunter's Arsenal",
        "serializedData": "{\"version\":\"Notebook/1.0\",\"items\":[{\"type\":1,\"content\":{\"json\":\"# 🔍 Threat Hunter's Arsenal\\n\\n## Advanced Investigation & Proactive Hunting\\n\\n**Capabilities:**\\n- Rapid Credential Reuse Detection\\n- Persistent Infrastructure Identification\\n- Attack Chain Reconstruction\\n- MITRE ATT&CK Mapping\\n- IOC Multi-Context Enrichment\\n\\n**Purpose:** Accelerate threat hunting with automated behavioral pattern detection\"},\"name\":\"header-text\"},{\"type\":9,\"content\":{\"version\":\"KqlParameterItem/1.0\",\"parameters\":[{\"id\":\"time-param\",\"version\":\"KqlParameterItem/1.0\",\"name\":\"TimeRange\",\"type\":4,\"isRequired\":true,\"value\":{\"durationMs\":604800000},\"typeSettings\":{\"selectableValues\":[{\"durationMs\":86400000},{\"durationMs\":604800000},{\"durationMs\":2592000000}],\"allowCustom\":true},\"label\":\"Time Range\"}],\"style\":\"pills\",\"queryType\":0,\"resourceType\":\"microsoft.operationalinsights/workspaces\"},\"name\":\"parameters-1\"},{\"type\":3,\"content\":{\"version\":\"KqlItem/1.0\",\"query\":\"// RAPID CREDENTIAL REUSE DETECTION\\nTacitRed_Findings_CL\\n| where TimeGenerated > ago(7d)\\n| extend \\n    Email = tostring(email_s),\\n    Domain = tostring(domain_s),\\n    FirstSeen = todatetime(coalesce(firstSeen_t, TimeGenerated)),\\n    LastSeen = todatetime(coalesce(lastSeen_t, TimeGenerated)),\\n    FindingType = tostring(findingType_s),\\n    Confidence = todouble(confidence_d)\\n| summarize \\n    FindingCount = count(),\\n    Domains = make_set(Domain),\\n    MinFirstSeen = min(FirstSeen),\\n    MaxLastSeen = max(LastSeen),\\n    AvgConfidence = avg(Confidence)\\n    by Email\\n| extend TimeSpanHours = datetime_diff('hour', MaxLastSeen, MinFirstSeen)\\n| extend UniqueDomains = array_length(Domains)\\n| extend ReuseVelocity = iff(TimeSpanHours > 0, todouble(FindingCount) / todouble(TimeSpanHours), 0.0)\\n| extend BehaviorScore = case(\\n        FindingCount >= 5 and TimeSpanHours <= 24, 95,\\n        FindingCount >= 3 and TimeSpanHours <= 72, 85,\\n        FindingCount >= 2 and UniqueDomains >= 2, 75,\\n        50\\n    )\\n| extend HuntingFlag = case(\\n    BehaviorScore >= 75, \\\"🎯 High Risk\\\",\\n    \\\"📊 Normal Activity\\\"\\n)\\n| project \\n    HuntingFlag, \\n    Email, \\n    FindingCount, \\n    UniqueDomains, \\n    TimeSpanHours, \\n    ReuseVelocity = round(ReuseVelocity, 3), \\n    BehaviorScore,\\n    AvgConfidence = round(AvgConfidence, 2),\\n    AffectedDomains = strcat_array(Domains, \\\", \\\")\\n| order by BehaviorScore desc\\n| take 100\",\"size\":0,\"title\":\"🎯 Rapid Credential Reuse Detection\",\"timeContext\":{\"durationMs\":0},\"timeContextFromParameter\":\"TimeRange\",\"queryType\":0,\"resourceType\":\"microsoft.operationalinsights/workspaces\",\"visualization\":\"table\"},\"name\":\"query-credential-reuse\"},{\"type\":3,\"content\":{\"version\":\"KqlItem/1.0\",\"query\":\"// PERSISTENT MALWARE INFRASTRUCTURE\\nCyren_Indicators_CL\\n| where TimeGenerated >= ago(30d)\\n| extend \\n    Domain = tostring(coalesce(domain_s, extract(@\\\"://([^/]+)\\\", 1, tostring(url_s)), \\\"unknown\\\")),\\n    FirstSeen = todatetime(coalesce(firstSeen_t, TimeGenerated)),\\n    LastSeen = todatetime(coalesce(lastSeen_t, TimeGenerated)),\\n    Category = tostring(category_s),\\n    Risk = toint(coalesce(risk_d, 50))\\n| summarize \\n    DetectionCount = count(),\\n    DetectionDays = dcount(bin(TimeGenerated, 1d)),\\n    Categories = make_set(Category),\\n    FirstDetection = min(FirstSeen),\\n    LastDetection = max(LastSeen),\\n    MaxRisk = max(Risk)\\n    by Domain\\n| extend LifespanDays = datetime_diff('day', LastDetection, FirstDetection)\\n| extend IsCurrentlyActive = datetime_diff('hour', now(), LastDetection) <= 48\\n| extend PersistenceScore = case(\\n        DetectionDays >= 20 and IsCurrentlyActive, 100,\\n        DetectionDays >= 14 and IsCurrentlyActive, 90,\\n        DetectionDays >= 10 and IsCurrentlyActive, 80,\\n        DetectionDays >= 7, 70,\\n        60\\n    )\\n| extend HuntingFlag = case(\\n    PersistenceScore >= 80 and IsCurrentlyActive, \\\"🎯 High Persistence\\\",\\n    \\\"📊 Normal Activity\\\"\\n)\\n| project \\n    HuntingFlag, \\n    Domain, \\n    DetectionCount, \\n    DetectionDays, \\n    LifespanDays,\\n    PersistenceScore, \\n    IsCurrentlyActive, \\n    MaxRisk,\\n    MalwareCategories = strcat_array(Categories, \\\", \\\")\\n| order by PersistenceScore desc\\n| take 100\",\"size\":0,\"title\":\"🏗️ Persistent Malware Infrastructure\",\"timeContext\":{\"durationMs\":2592000000},\"queryType\":0,\"resourceType\":\"microsoft.operationalinsights/workspaces\",\"visualization\":\"table\"},\"name\":\"query-persistent-infrastructure\"},{\"type\":3,\"content\":{\"version\":\"KqlItem/1.0\",\"query\":\"// MITRE ATT&CK MAPPING\\nlet CredentialAccessTechniques = TacitRed_Findings_CL\\n| where TimeGenerated > ago(7d)\\n| extend \\n    FindingType = tostring(findingType_s),\\n    Confidence = todouble(confidence_d),\\n    Email = tostring(email_s),\\n    Domain = tostring(domain_s)\\n| extend \\n    MitreTechnique = case(\\n        FindingType contains \\\"credential\\\" or FindingType contains \\\"password\\\", \\\"T1078 - Valid Accounts\\\",\\n        FindingType contains \\\"dump\\\", \\\"T1003 - OS Credential Dumping\\\",\\n        \\\"T1552 - Unsecured Credentials\\\"\\n    ),\\n    MitreTactic = \\\"TA0006 - Credential Access\\\",\\n    ThreatSource = \\\"TacitRed\\\"\\n| summarize \\n    Detections = count(),\\n    UniqueAccounts = dcount(Email),\\n    UniqueDomains = dcount(Domain),\\n    AvgConfidence = round(avg(Confidence), 2),\\n    AffectedAccounts = make_set(Email, 10)\\n    by MitreTactic, MitreTechnique, ThreatSource;\\nlet InitialAccessTechniques = Cyren_Indicators_CL\\n| where TimeGenerated > ago(7d)\\n| extend \\n    Category = tostring(category_s),\\n    Type = tostring(type_s),\\n    Risk = toint(coalesce(risk_d, 50)),\\n    Domain = tostring(coalesce(domain_s, extract(@\\\"://([^/]+)\\\", 1, tostring(url_s))))\\n| extend \\n    MitreTechnique = case(\\n        Category contains \\\"phish\\\" or Type contains \\\"phish\\\", \\\"T1566 - Phishing\\\",\\n        Category contains \\\"exploit\\\" or Category contains \\\"vulnerability\\\", \\\"T1190 - Exploit Public-Facing Application\\\",\\n        Category contains \\\"drive-by\\\" or Category contains \\\"watering\\\", \\\"T1189 - Drive-by Compromise\\\",\\n        Category contains \\\"supply\\\", \\\"T1195 - Supply Chain Compromise\\\",\\n        \\\"T1566.002 - Phishing: Spearphishing Link\\\"\\n    ),\\n    MitreTactic = \\\"TA0001 - Initial Access\\\",\\n    ThreatSource = \\\"Cyren\\\"\\n| summarize \\n    Detections = count(),\\n    UniqueDomains = dcount(Domain),\\n    AvgRisk = round(avg(Risk), 2),\\n    MaxRisk = max(Risk),\\n    MaliciousDomains = make_set(Domain, 10)\\n    by MitreTactic, MitreTechnique, ThreatSource;\\nunion CredentialAccessTechniques, InitialAccessTechniques\\n| extend \\n    TechniqueSeverity = case(\\n        Detections >= 50, \\\"🔴 Critical\\\",\\n        Detections >= 20, \\\"🟠 High\\\",\\n        Detections >= 5, \\\"🟡 Medium\\\",\\n        \\\"🟢 Low\\\"\\n    )\\n| project \\n    MitreTactic,\\n    MitreTechnique,\\n    ThreatSource,\\n    Detections,\\n    TechniqueSeverity,\\n    UniqueAccounts = coalesce(UniqueAccounts, 0),\\n    UniqueDomains = coalesce(UniqueDomains, 0),\\n    AvgConfidence = coalesce(AvgConfidence, 0.0),\\n    AvgRisk = coalesce(AvgRisk, 0.0),\\n    MaxRisk = coalesce(MaxRisk, 0)\\n| order by Detections desc\",\"size\":0,\"title\":\"🗺️ MITRE ATT&CK Technique Mapping\",\"timeContext\":{\"durationMs\":0},\"timeContextFromParameter\":\"TimeRange\",\"queryType\":0,\"resourceType\":\"microsoft.operationalinsights/workspaces\",\"visualization\":\"table\"},\"name\":\"query-mitre-attack\"}],\"fallbackResourceIds\":[],\"fromTemplateId\":\"sentinel-ThreatHuntersArsenal\",\"$schema\":\"https://github.com/Microsoft/Application-Insights-Workbooks/blob/master/schema/workbook.json\"}",
        "version": "1.0",
        "sourceId": "[variables('workspaceResourceId')]",
        "category": "sentinel"
      }
    },
    {
      "condition": "[parameters('deployWorkbooks')]",
      "type": "Microsoft.Insights/workbooks",
      "apiVersion": "2022-04-01",
      "name": "[guid(resourceGroup().id, 'workbook-threat-hunters-arsenal-enhanced')]",
      "location": "[parameters('workspace-location')]",
      "kind": "shared",
      "properties": {
        "displayName": "Threat Hunter's Arsenal (Enhanced)",
        "serializedData": "{\"version\":\"Notebook/1.0\",\"items\":[{\"type\":1,\"content\":{\"json\":\"# 🔍 Threat Hunter's Arsenal\\n\\n## Advanced Investigation & Proactive Hunting\\n\\n**Capabilities:**\\n- Rapid Credential Reuse Detection\\n- Persistent Infrastructure Identification\\n- Attack Chain Reconstruction\\n- MITRE ATT&CK Mapping\\n- IOC Multi-Context Enrichment\\n\\n**Purpose:** Accelerate threat hunting with automated behavioral pattern detection\"},\"name\":\"header-text\"},{\"type\":9,\"content\":{\"version\":\"KqlParameterItem/1.0\",\"parameters\":[{\"id\":\"time-param\",\"version\":\"KqlParameterItem/1.0\",\"name\":\"TimeRange\",\"type\":4,\"isRequired\":true,\"value\":{\"durationMs\":604800000},\"typeSettings\":{\"selectableValues\":[{\"durationMs\":86400000},{\"durationMs\":604800000},{\"durationMs\":2592000000}],\"allowCustom\":true},\"label\":\"Time Range\"}],\"style\":\"pills\",\"queryType\":0,\"resourceType\":\"microsoft.operationalinsights/workspaces\"},\"name\":\"parameters-1\"},{\"type\":3,\"content\":{\"version\":\"KqlItem/1.0\",\"query\":\"// RAPID CREDENTIAL REUSE DETECTION\\nTacitRed_Findings_CL\\n| where TimeGenerated > ago(7d)\\n| extend \\n    Email = tostring(email_s),\\n    Domain = tostring(domain_s),\\n    FirstSeen = todatetime(coalesce(firstSeen_t, TimeGenerated)),\\n    LastSeen = todatetime(coalesce(lastSeen_t, TimeGenerated)),\\n    FindingType = tostring(findingType_s),\\n    Confidence = todouble(confidence_d)\\n| summarize \\n    FindingCount = count(),\\n    Domains = make_set(Domain),\\n    MinFirstSeen = min(FirstSeen),\\n    MaxLastSeen = max(LastSeen),\\n    AvgConfidence = avg(Confidence)\\n    by Email\\n| extend TimeSpanHours = datetime_diff('hour', MaxLastSeen, MinFirstSeen)\\n| extend UniqueDomains = array_length(Domains)\\n| extend ReuseVelocity = iff(TimeSpanHours > 0, todouble(FindingCount) / todouble(TimeSpanHours), 0.0)\\n| extend BehaviorScore = case(\\n        FindingCount >= 5 and TimeSpanHours <= 24, 95,\\n        FindingCount >= 3 and TimeSpanHours <= 72, 85,\\n        FindingCount >= 2 and UniqueDomains >= 2, 75,\\n        50\\n    )\\n| extend HuntingFlag = case(\\n    BehaviorScore >= 75, \\\"🎯 High Risk\\\",\\n    \\\"📊 Normal Activity\\\"\\n)\\n| project \\n    HuntingFlag, \\n    Email, \\n    FindingCount, \\n    UniqueDomains, \\n    TimeSpanHours, \\n    ReuseVelocity = round(ReuseVelocity, 3), \\n    BehaviorScore,\\n    AvgConfidence = round(AvgConfidence, 2),\\n    AffectedDomains = strcat_array(Domains, \\\", \\\")\\n| order by BehaviorScore desc\\n| take 100\",\"size\":0,\"title\":\"🎯 Rapid Credential Reuse Detection\",\"timeContext\":{\"durationMs\":0},\"timeContextFromParameter\":\"TimeRange\",\"queryType\":0,\"resourceType\":\"microsoft.operationalinsights/workspaces\",\"visualization\":\"table\"},\"name\":\"query-credential-reuse\"},{\"type\":3,\"content\":{\"version\":\"KqlItem/1.0\",\"query\":\"// PERSISTENT MALWARE INFRASTRUCTURE\\nCyren_Indicators_CL\\n| where TimeGenerated >= ago(30d)\\n| extend \\n    Domain = tostring(coalesce(domain_s, extract(@\\\"://([^/]+)\\\", 1, tostring(url_s)), \\\"unknown\\\")),\\n    FirstSeen = todatetime(coalesce(firstSeen_t, TimeGenerated)),\\n    LastSeen = todatetime(coalesce(lastSeen_t, TimeGenerated)),\\n    Category = tostring(category_s),\\n    Risk = toint(coalesce(risk_d, 50))\\n| summarize \\n    DetectionCount = count(),\\n    DetectionDays = dcount(bin(TimeGenerated, 1d)),\\n    Categories = make_set(Category),\\n    FirstDetection = min(FirstSeen),\\n    LastDetection = max(LastSeen),\\n    MaxRisk = max(Risk)\\n    by Domain\\n| extend LifespanDays = datetime_diff('day', LastDetection, FirstDetection)\\n| extend IsCurrentlyActive = datetime_diff('hour', now(), LastDetection) <= 48\\n| extend PersistenceScore = case(\\n        DetectionDays >= 20 and IsCurrentlyActive, 100,\\n        DetectionDays >= 14 and IsCurrentlyActive, 90,\\n        DetectionDays >= 10 and IsCurrentlyActive, 80,\\n        DetectionDays >= 7, 70,\\n        60\\n    )\\n| extend HuntingFlag = case(\\n    PersistenceScore >= 80 and IsCurrentlyActive, \\\"🎯 High Persistence\\\",\\n    \\\"📊 Normal Activity\\\"\\n)\\n| project \\n    HuntingFlag, \\n    Domain, \\n    DetectionCount, \\n    DetectionDays, \\n    LifespanDays,\\n    PersistenceScore, \\n    IsCurrentlyActive, \\n    MaxRisk,\\n    MalwareCategories = strcat_array(Categories, \\\", \\\")\\n| order by PersistenceScore desc\\n| take 100\",\"size\":0,\"title\":\"🏗️ Persistent Malware Infrastructure\",\"timeContext\":{\"durationMs\":2592000000},\"queryType\":0,\"resourceType\":\"microsoft.operationalinsights/workspaces\",\"visualization\":\"table\"},\"name\":\"query-persistent-infrastructure\"},{\"type\":3,\"content\":{\"version\":\"KqlItem/1.0\",\"query\":\"// MITRE ATT&CK MAPPING\\nlet CredentialAccessTechniques = TacitRed_Findings_CL\\n| where TimeGenerated > ago(7d)\\n| extend \\n    FindingType = tostring(findingType_s),\\n    Confidence = todouble(confidence_d),\\n    Email = tostring(email_s),\\n    Domain = tostring(domain_s)\\n| extend \\n    MitreTechnique = case(\\n        FindingType contains \\\"credential\\\" or FindingType contains \\\"password\\\", \\\"T1078 - Valid Accounts\\\",\\n        FindingType contains \\\"dump\\\", \\\"T1003 - OS Credential Dumping\\\",\\n        \\\"T1552 - Unsecured Credentials\\\"\\n    ),\\n    MitreTactic = \\\"TA0006 - Credential Access\\\",\\n    ThreatSource = \\\"TacitRed\\\"\\n| summarize \\n    Detections = count(),\\n    UniqueAccounts = dcount(Email),\\n    UniqueDomains = dcount(Domain),\\n    AvgConfidence = round(avg(Confidence), 2),\\n    AffectedAccounts = make_set(Email, 10)\\n    by MitreTactic, MitreTechnique, ThreatSource;\\nlet InitialAccessTechniques = Cyren_Indicators_CL\\n| where TimeGenerated > ago(7d)\\n| extend \\n    Category = tostring(category_s),\\n    Type = tostring(type_s),\\n    Risk = toint(coalesce(risk_d, 50)),\\n    Domain = tostring(coalesce(domain_s, extract(@\\\"://([^/]+)\\\", 1, tostring(url_s))))\\n| extend \\n    MitreTechnique = case(\\n        Category contains \\\"phish\\\" or Type contains \\\"phish\\\", \\\"T1566 - Phishing\\\",\\n        Category contains \\\"exploit\\\" or Category contains \\\"vulnerability\\\", \\\"T1190 - Exploit Public-Facing Application\\\",\\n        Category contains \\\"drive-by\\\" or Category contains \\\"watering\\\", \\\"T1189 - Drive-by Compromise\\\",\\n        Category contains \\\"supply\\\", \\\"T1195 - Supply Chain Compromise\\\",\\n        \\\"T1566.002 - Phishing: Spearphishing Link\\\"\\n    ),\\n    MitreTactic = \\\"TA0001 - Initial Access\\\",\\n    ThreatSource = \\\"Cyren\\\"\\n| summarize \\n    Detections = count(),\\n    UniqueDomains = dcount(Domain),\\n    AvgRisk = round(avg(Risk), 2),\\n    MaxRisk = max(Risk),\\n    MaliciousDomains = make_set(Domain, 10)\\n    by MitreTactic, MitreTechnique, ThreatSource;\\nunion CredentialAccessTechniques, InitialAccessTechniques\\n| extend \\n    TechniqueSeverity = case(\\n        Detections >= 50, \\\"🔴 Critical\\\",\\n        Detections >= 20, \\\"🟠 High\\\",\\n        Detections >= 5, \\\"🟡 Medium\\\",\\n        \\\"🟢 Low\\\"\\n    )\\n| project \\n    MitreTactic,\\n    MitreTechnique,\\n    ThreatSource,\\n    Detections,\\n    TechniqueSeverity,\\n    UniqueAccounts = coalesce(UniqueAccounts, 0),\\n    UniqueDomains = coalesce(UniqueDomains, 0),\\n    AvgConfidence = coalesce(AvgConfidence, 0.0),\\n    AvgRisk = coalesce(AvgRisk, 0.0),\\n    MaxRisk = coalesce(MaxRisk, 0)\\n| order by Detections desc\",\"size\":0,\"title\":\"🗺️ MITRE ATT&CK Technique Mapping\",\"timeContext\":{\"durationMs\":0},\"timeContextFromParameter\":\"TimeRange\",\"queryType\":0,\"resourceType\":\"microsoft.operationalinsights/workspaces\",\"visualization\":\"table\"},\"name\":\"query-mitre-attack\"}],\"fallbackResourceIds\":[],\"fromTemplateId\":\"sentinel-ThreatHuntersArsenal\",\"$schema\":\"https://github.com/Microsoft/Application-Insights-Workbooks/blob/master/schema/workbook.json\"}",
        "version": "1.0",
        "sourceId": "[variables('workspaceResourceId')]",
        "category": "sentinel"
      }
    },
    {
      "condition": "[parameters('deployAnalytics')]",
      "type": "Microsoft.SecurityInsights/alertRules",
      "apiVersion": "2023-02-01",
      "scope": "[concat('Microsoft.OperationalInsights/workspaces/', parameters('workspace'))]",
      "name": "[guid(resourceGroup().id, 'RepeatCompromise')]",
      "kind": "Scheduled",
      "dependsOn": [
        "[resourceId('Microsoft.OperationalInsights/workspaces/tables', parameters('workspace'), 'TacitRed_Findings_CL')]"
      ],
      "properties": {
        "displayName": "TacitRed - Repeat Compromise Detection",
        "description": "Detects users who have been compromised multiple times within a 7-day window. This may indicate a persistent threat or inadequate remediation.",
        "severity": "High",
        "enabled": true,
        "query": "let lookbackPeriod = 7d;\nlet threshold = 2;\nTacitRed_Findings_CL\n| where TimeGenerated >= ago(lookbackPeriod)\n| extend Email = tostring(email_s), Username = tostring(username_s), Domain = tostring(domain_s), FindingType = tostring(findingType_s), Confidence = todouble(confidence_d), FirstSeen = todatetime(firstSeen_t), LastSeen = todatetime(lastSeen_t), Notes = tostring(notes_s)\n| summarize CompromiseCount = count(), FindingTypes = make_set(FindingType), FirstCompromise = min(FirstSeen), LatestCompromise = max(LastSeen), AverageConfidence = avg(Confidence), Domains = make_set(Domain), AllNotes = make_list(Notes) by Email, Username\n| where CompromiseCount >= threshold\n| extend CompromiseWindow = datetime_diff('day', LatestCompromise, FirstCompromise), Severity = case(CompromiseCount >= 5, 'Critical', CompromiseCount >= 3, 'High', 'Medium')\n| project Email, Username, CompromiseCount, Severity, FirstCompromise, LatestCompromise, CompromiseWindow, AverageConfidence, FindingTypes, Domains, AllNotes\n| order by CompromiseCount desc, LatestCompromise desc",
        "queryFrequency": "PT1H",
        "queryPeriod": "P7D",
        "triggerOperator": "GreaterThan",
        "triggerThreshold": 0,
        "suppressionDuration": "PT1H",
        "suppressionEnabled": false,
        "tactics": [
          "CredentialAccess"
        ],
        "techniques": [
          "T1110"
        ],
        "incidentConfiguration": {
          "createIncident": true,
          "groupingConfiguration": {
            "enabled": true,
            "reopenClosedIncident": false,
            "lookbackDuration": "P7D",
            "matchingMethod": "Selected",
            "groupByEntities": [
              "Account"
            ],
            "groupByAlertDetails": [],
            "groupByCustomDetails": []
          }
        },
        "eventGroupingSettings": {
          "aggregationKind": "AlertPerResult"
        },
        "alertDetailsOverride": {
          "alertDisplayNameFormat": "Repeat Compromise: {{Email}} ({{CompromiseCount}}x)",
          "alertDescriptionFormat": "User {{Email}} compromised {{CompromiseCount}} times",
          "alertSeverityColumnName": "Severity"
        },
        "customDetails": {
          "CompromiseCount": "CompromiseCount",
          "FirstCompromise": "FirstCompromise",
          "LatestCompromise": "LatestCompromise",
          "AverageConfidence": "AverageConfidence"
        },
        "entityMappings": [
          {
            "entityType": "Account",
            "fieldMappings": [
              {
                "identifier": "FullName",
                "columnName": "Email"
              },
              {
                "identifier": "Name",
                "columnName": "Username"
              }
            ]
          }
        ]
      }
    }
  ],
  "outputs": {
    "dceEndpoint": {
      "type": "string",
      "value": "[reference(resourceId('Microsoft.Insights/dataCollectionEndpoints', variables('dceName'))).logsIngestion.endpoint]"
    },
    "tacitRedDcrImmutableId": {
      "type": "string",
      "value": "[reference(resourceId('Microsoft.Insights/dataCollectionRules', variables('tacitRedDcrName'))).immutableId]"
    },
    "deploymentMessage": {
      "type": "string",
      "value": "TacitRed infrastructure, CCF connector, analytics, and workbooks deployed successfully."
    }
  }
}
