{
  "$schema": "https://schema.management.azure.com/schemas/0.1.2-preview/CreateUIDefinition.MultiVm.json#",
  "handler": "Microsoft.Azure.CreateUIDef",
  "version": "0.1.2-preview",
  "parameters": {
    "config": {
      "isWizard": false,
      "basics": {
        "description": "**Cyren Threat Intelligence** provides real-time IP reputation and malware URL feeds to detect and block malicious infrastructure. This solution deploys CCF (Codeless Connector Framework) data connectors and visualization workbooks to help security teams identify and respond to network-based threats.\n\n**Data Connectors:** 2, **Workbooks:** 2\n\n[Learn more about Cyren >](https://www.cyren.com/)",
        "subscription": {
          "constraints": {
            "validations": [
              {
                "permission": "Microsoft.OperationalInsights/workspaces/read",
                "message": "Please ensure you have read permissions for the workspace"
              }
            ]
          },
          "resourceProviders": [
            "Microsoft.OperationalInsights/workspaces",
            "Microsoft.SecurityInsights"
          ]
        },
        "location": {
          "label": "Location",
          "toolTip": "Location for all resources",
          "resourceTypes": [
            "Microsoft.OperationalInsights/workspaces"
          ]
        },
        "resourceGroup": {
          "allowExisting": true
        }
      }
    },
    "basics": [
      {
        "name": "getLAWorkspace",
        "type": "Microsoft.Solutions.ArmApiControl",
        "toolTip": "This fetches all workspaces in the subscription",
        "condition": "[greater(length(resourceGroup().name),0)]",
        "request": {
          "method": "GET",
          "path": "[concat(subscription().id,'/providers/Microsoft.OperationalInsights/workspaces?api-version=2020-08-01')]"
        }
      },
      {
        "name": "workspace",
        "type": "Microsoft.Common.DropDown",
        "label": "Workspace",
        "placeholder": "Select a workspace",
        "toolTip": "Select the Microsoft Sentinel workspace where you want to deploy the solution",
        "constraints": {
          "allowedValues": "[map(filter(basics('getLAWorkspace').value, (filter) => contains(toLower(filter.id), toLower(resourceGroup().name))), (item) => parse(concat('{\"label\":\"', item.name, '\",\"value\":\"', item.name, '\"}')))]",
          "required": true
        },
        "visible": true
      }
    ],
    "steps": [
      {
        "name": "dataconnectors",
        "label": "Data Connectors",
        "bladeTitle": "Data Connectors",
        "elements": [
          {
            "name": "dataconnectors-text",
            "type": "Microsoft.Common.TextBlock",
            "options": {
              "text": "This solution installs Cyren CCF data connectors to ingest IP reputation and malware URL threat intelligence into Microsoft Sentinel."
            }
          },
          {
            "name": "cyrenIPJwtToken",
            "type": "Microsoft.Common.PasswordBox",
            "label": {
              "password": "Cyren IP Reputation JWT Token",
              "confirmPassword": "Confirm JWT Token"
            },
            "toolTip": "Enter your Cyren JWT token for IP Reputation feed. Obtain this from Cyren portal.",
            "constraints": {
              "required": true
            },
            "options": {
              "hideConfirmation": false
            },
            "visible": true
          },
          {
            "name": "cyrenMalwareJwtToken",
            "type": "Microsoft.Common.PasswordBox",
            "label": {
              "password": "Cyren Malware URLs JWT Token",
              "confirmPassword": "Confirm JWT Token"
            },
            "toolTip": "Enter your Cyren JWT token for Malware URLs feed. Obtain this from Cyren portal.",
            "constraints": {
              "required": true
            },
            "options": {
              "hideConfirmation": false
            },
            "visible": true
          },
          {
            "name": "deployConnectors",
            "type": "Microsoft.Common.CheckBox",
            "label": "Deploy Cyren data connectors",
            "toolTip": "Check to automatically configure the Cyren CCF connectors",
            "defaultValue": true
          }
        ]
      },
      {
        "name": "workbooks",
        "label": "Workbooks",
        "bladeTitle": "Workbooks",
        "elements": [
          {
            "name": "workbooks-text",
            "type": "Microsoft.Common.TextBlock",
            "options": {
              "text": "This solution includes workbooks for visualizing Cyren threat intelligence data including IP reputation scores and malware URL patterns."
            }
          },
          {
            "name": "deployWorkbooks",
            "type": "Microsoft.Common.CheckBox",
            "label": "Deploy Cyren workbooks",
            "toolTip": "Check to deploy Cyren threat intelligence workbooks",
            "defaultValue": true
          }
        ]
      }
    ],
    "outputs": {
      "workspace-location": "[location()]",
      "workspace": "[basics('workspace')]",
      "cyrenIPJwtToken": "[steps('dataconnectors').cyrenIPJwtToken]",
      "cyrenMalwareJwtToken": "[steps('dataconnectors').cyrenMalwareJwtToken]",
      "deployConnectors": "[steps('dataconnectors').deployConnectors]",
      "deployWorkbooks": "[steps('workbooks').deployWorkbooks]"
    }
  }
}
