{
  "$schema": "https://schema.management.azure.com/schemas/2019-04-01/deploymentTemplate.json#",
  "contentVersion": "1.0.0.0",
  "metadata": {
    "author": "Cyren",
    "comments": "Cyren Threat Intelligence Solution for Microsoft Sentinel"
  },
  "parameters": {
    "workspace": {
      "type": "string",
      "metadata": {
        "description": "Workspace name for Microsoft Sentinel"
      }
    },
    "workspace-location": {
      "type": "string",
      "defaultValue": "[resourceGroup().location]",
      "metadata": {
        "description": "Location for workspace and solution resources"
      }
    },
    "cyrenIPJwtToken": {
      "type": "securestring",
      "metadata": {
        "description": "Cyren JWT Token for IP Reputation feed"
      }
    },
    "cyrenMalwareJwtToken": {
      "type": "securestring",
      "metadata": {
        "description": "Cyren JWT Token for Malware URLs feed"
      }
    },
    "deployAnalytics": {
      "type": "bool",
      "defaultValue": true,
      "metadata": {
        "description": "Deploy 3 pre-configured analytics rules for threat detection"
      }
    },
    "deployWorkbooks": {
      "type": "bool",
      "defaultValue": true,
      "metadata": {
        "description": "Deploy 8 visualization workbooks for threat intelligence analysis"
      }
    },
    "deployConnectors": {
      "type": "bool",
      "defaultValue": true,
      "metadata": {
        "description": "Automatically configure CCF connector definition and data connectors via deployment script"
      }
    },
    "forceUpdateTag": {
      "type": "string",
      "defaultValue": "[utcNow('u')]",
      "metadata": {
        "description": "Change value to force re-execution of the deployment script."
      }
    }
  },
  "variables": {
    "workspaceResourceId": "[resourceId('Microsoft.OperationalInsights/Workspaces', parameters('workspace'))]",
    "dceName": "dce-threatintel-feeds",
    "cyrenIPDcrName": "dcr-cyren-ip-reputation",
    "cyrenMalwareDcrName": "dcr-cyren-malware-urls",
    "_solutionName": "ThreatIntelligenceFeeds",
    "_solutionVersion": "1.0.0",
    "solutionId": "threatintel.sentinel-solution-threatintel-feeds",
    "uamiName": "uami-ccf-deployment"
  },
  "resources": [
    {
      "type": "Microsoft.Insights/dataCollectionEndpoints",
      "apiVersion": "2022-06-01",
      "name": "[variables('dceName')]",
      "location": "[parameters('workspace-location')]",
      "properties": {
        "networkAcls": {
          "publicNetworkAccess": "Enabled"
        }
      }
    },
    {
      "type": "Microsoft.OperationalInsights/workspaces/tables",
      "apiVersion": "2023-09-01",
      "name": "[concat(parameters('workspace'), '/Cyren_Indicators_CL')]",
      "properties": {
        "schema": {
          "name": "Cyren_Indicators_CL",
          "columns": [
            {
              "name": "TimeGenerated",
              "type": "datetime"
            },
            {
              "name": "url_s",
              "type": "string"
            },
            {
              "name": "ip_s",
              "type": "string"
            },
            {
              "name": "fileHash_s",
              "type": "string"
            },
            {
              "name": "domain_s",
              "type": "string"
            },
            {
              "name": "protocol_s",
              "type": "string"
            },
            {
              "name": "port_d",
              "type": "int"
            },
            {
              "name": "category_s",
              "type": "string"
            },
            {
              "name": "risk_d",
              "type": "int"
            },
            {
              "name": "firstSeen_t",
              "type": "datetime"
            },
            {
              "name": "lastSeen_t",
              "type": "datetime"
            },
            {
              "name": "source_s",
              "type": "string"
            },
            {
              "name": "relationships_s",
              "type": "string"
            },
            {
              "name": "detection_methods_s",
              "type": "string"
            },
            {
              "name": "action_s",
              "type": "string"
            },
            {
              "name": "type_s",
              "type": "string"
            },
            {
              "name": "identifier_s",
              "type": "string"
            },
            {
              "name": "detection_ts_t",
              "type": "datetime"
            },
            {
              "name": "object_type_s",
              "type": "string"
            }
          ]
        }
      }
    },
    {
      "type": "Microsoft.Insights/dataCollectionRules",
      "apiVersion": "2022-06-01",
      "name": "[variables('cyrenIPDcrName')]",
      "location": "[parameters('workspace-location')]",
      "dependsOn": [
        "[resourceId('Microsoft.Insights/dataCollectionEndpoints', variables('dceName'))]",
        "[resourceId('Microsoft.OperationalInsights/workspaces/tables', parameters('workspace'), 'Cyren_Indicators_CL')]"
      ],
      "properties": {
        "dataCollectionEndpointId": "[resourceId('Microsoft.Insights/dataCollectionEndpoints', variables('dceName'))]",
        "streamDeclarations": {
          "Custom-Cyren_Indicators_CL": {
            "columns": [
              {
                "name": "TimeGenerated",
                "type": "datetime"
              },
              {
                "name": "url",
                "type": "string"
              },
              {
                "name": "ip",
                "type": "string"
              },
              {
                "name": "fileHash",
                "type": "string"
              },
              {
                "name": "domain",
                "type": "string"
              },
              {
                "name": "protocol",
                "type": "string"
              },
              {
                "name": "port",
                "type": "int"
              },
              {
                "name": "category",
                "type": "string"
              },
              {
                "name": "risk",
                "type": "int"
              },
              {
                "name": "firstSeen",
                "type": "datetime"
              },
              {
                "name": "lastSeen",
                "type": "datetime"
              },
              {
                "name": "source",
                "type": "string"
              },
              {
                "name": "relationships",
                "type": "string"
              },
              {
                "name": "detection_methods",
                "type": "string"
              },
              {
                "name": "action",
                "type": "string"
              },
              {
                "name": "type",
                "type": "string"
              },
              {
                "name": "identifier",
                "type": "string"
              },
              {
                "name": "detection_ts",
                "type": "datetime"
              },
              {
                "name": "object_type",
                "type": "string"
              }
            ]
          }
        },
        "destinations": {
          "logAnalytics": [
            {
              "workspaceResourceId": "[variables('workspaceResourceId')]",
              "name": "clv2ws1"
            }
          ]
        },
        "dataFlows": [
          {
            "streams": [
              "Custom-Cyren_Indicators_CL"
            ],
            "destinations": [
              "clv2ws1"
            ],
            "transformKql": "source | extend TimeGenerated = now()",
            "outputStream": "Custom-Cyren_Indicators_CL"
          }
        ]
      }
    },
    {
      "type": "Microsoft.Insights/dataCollectionRules",
      "apiVersion": "2022-06-01",
      "name": "[variables('cyrenMalwareDcrName')]",
      "location": "[parameters('workspace-location')]",
      "dependsOn": [
        "[resourceId('Microsoft.Insights/dataCollectionEndpoints', variables('dceName'))]",
        "[resourceId('Microsoft.OperationalInsights/workspaces/tables', parameters('workspace'), 'Cyren_Indicators_CL')]"
      ],
      "properties": {
        "dataCollectionEndpointId": "[resourceId('Microsoft.Insights/dataCollectionEndpoints', variables('dceName'))]",
        "streamDeclarations": {
          "Custom-Cyren_Indicators_CL": {
            "columns": [
              {
                "name": "TimeGenerated",
                "type": "datetime"
              },
              {
                "name": "url",
                "type": "string"
              },
              {
                "name": "ip",
                "type": "string"
              },
              {
                "name": "fileHash",
                "type": "string"
              },
              {
                "name": "domain",
                "type": "string"
              },
              {
                "name": "protocol",
                "type": "string"
              },
              {
                "name": "port",
                "type": "int"
              },
              {
                "name": "category",
                "type": "string"
              },
              {
                "name": "risk",
                "type": "int"
              },
              {
                "name": "firstSeen",
                "type": "datetime"
              },
              {
                "name": "lastSeen",
                "type": "datetime"
              },
              {
                "name": "source",
                "type": "string"
              },
              {
                "name": "relationships",
                "type": "string"
              },
              {
                "name": "detection_methods",
                "type": "string"
              },
              {
                "name": "action",
                "type": "string"
              },
              {
                "name": "type",
                "type": "string"
              },
              {
                "name": "identifier",
                "type": "string"
              },
              {
                "name": "detection_ts",
                "type": "datetime"
              },
              {
                "name": "object_type",
                "type": "string"
              }
            ]
          }
        },
        "destinations": {
          "logAnalytics": [
            {
              "workspaceResourceId": "[variables('workspaceResourceId')]",
              "name": "clv2ws1"
            }
          ]
        },
        "dataFlows": [
          {
            "streams": [
              "Custom-Cyren_Indicators_CL"
            ],
            "destinations": [
              "clv2ws1"
            ],
            "transformKql": "source | extend TimeGenerated = now()",
            "outputStream": "Custom-Cyren_Indicators_CL"
          }
        ]
      }
    },
    {
      "type": "Microsoft.ManagedIdentity/userAssignedIdentities",
      "apiVersion": "2023-01-31",
      "name": "[variables('uamiName')]",
      "location": "[parameters('workspace-location')]"
    },
    {
      "type": "Microsoft.Authorization/roleAssignments",
      "apiVersion": "2022-04-01",
      "name": "[guid(variables('workspaceResourceId'), variables('uamiName'), 'sentinel-contributor')]",
      "scope": "[variables('workspaceResourceId')]",
      "dependsOn": [
        "[resourceId('Microsoft.ManagedIdentity/userAssignedIdentities', variables('uamiName'))]"
      ],
      "properties": {
        "roleDefinitionId": "[subscriptionResourceId('Microsoft.Authorization/roleDefinitions', 'b24988ac-6180-42a0-ab88-20f7382dd24c')]",
        "principalId": "[reference(resourceId('Microsoft.ManagedIdentity/userAssignedIdentities', variables('uamiName')), '2023-01-31').principalId]",
        "principalType": "ServicePrincipal"
      }
    },
    {
      "type": "Microsoft.Authorization/roleAssignments",
      "apiVersion": "2022-04-01",
      "name": "[guid(resourceGroup().id, variables('uamiName'), 'rg-contributor')]",
      "dependsOn": [
        "[resourceId('Microsoft.ManagedIdentity/userAssignedIdentities', variables('uamiName'))]"
      ],
      "properties": {
        "roleDefinitionId": "[subscriptionResourceId('Microsoft.Authorization/roleDefinitions', 'b24988ac-6180-42a0-ab88-20f7382dd24c')]",
        "principalId": "[reference(resourceId('Microsoft.ManagedIdentity/userAssignedIdentities', variables('uamiName')), '2023-01-31').principalId]",
        "principalType": "ServicePrincipal"
      }
    },
    {
      "condition": "[parameters('deployConnectors')]",
      "type": "Microsoft.Resources/deploymentScripts",
      "apiVersion": "2020-10-01",
      "name": "configure-ccf-connectors",
      "location": "[parameters('workspace-location')]",
      "kind": "AzureCLI",
      "identity": {
        "type": "UserAssigned",
        "userAssignedIdentities": {
          "[resourceId('Microsoft.ManagedIdentity/userAssignedIdentities', variables('uamiName'))]": {}
        }
      },
      "dependsOn": [
        "[resourceId('Microsoft.Insights/dataCollectionEndpoints', variables('dceName'))]",
        "[resourceId('Microsoft.Insights/dataCollectionRules', variables('cyrenIPDcrName'))]",
        "[resourceId('Microsoft.Insights/dataCollectionRules', variables('cyrenMalwareDcrName'))]",
        "[extensionResourceId(variables('workspaceResourceId'), 'Microsoft.Authorization/roleAssignments', guid(variables('workspaceResourceId'), variables('uamiName'), 'sentinel-contributor'))]"
      ],
      "properties": {
        "forceUpdateTag": "[parameters('forceUpdateTag')]",
        "azCliVersion": "2.51.0",
        "timeout": "PT20M",
        "cleanupPreference": "OnSuccess",
        "retentionInterval": "P1D",
        "environmentVariables": [
          {
            "name": "WORKSPACE_ID",
            "value": "[variables('workspaceResourceId')]"
          },
          {
            "name": "SUBSCRIPTION_ID",
            "value": "[subscription().subscriptionId]"
          },
          {
            "name": "RESOURCE_GROUP",
            "value": "[resourceGroup().name]"
          },
          {
            "name": "DCE_ENDPOINT",
            "value": "[reference(resourceId('Microsoft.Insights/dataCollectionEndpoints', variables('dceName')), '2022-06-01', 'full').properties.logsIngestion.endpoint]"
          },
          {
            "name": "DCR_CYRENIP",
            "value": "[reference(resourceId('Microsoft.Insights/dataCollectionRules', variables('cyrenIPDcrName')), '2022-06-01', 'full').properties.immutableId]"
          },
          {
            "name": "DCR_CYRENMALWARE",
            "value": "[reference(resourceId('Microsoft.Insights/dataCollectionRules', variables('cyrenMalwareDcrName')), '2022-06-01', 'full').properties.immutableId]"
          },
          {
            "name": "CYREN_IP_JWT",
            "secureValue": "[parameters('cyrenIPJwtToken')]"
          },
          {
            "name": "CYREN_MALWARE_JWT",
            "secureValue": "[parameters('cyrenMalwareJwtToken')]"
          }
        ],
        "scriptContent": "#!/usr/bin/env bash\nset -euo pipefail\n\necho 'Logging in with managed identity'\naz login --identity --allow-no-subscriptions >/dev/null\n\necho \"Setting subscription ${SUBSCRIPTION_ID}\"\naz account set --subscription \"${SUBSCRIPTION_ID}\"\n\n# Allow RBAC propagation before calling SecurityInsights APIs\nsleep 20\n\nBASE_URL=\"https://management.azure.com${WORKSPACE_ID}/providers/Microsoft.SecurityInsights\"\n\necho 'Creating connector definition (CyrenThreatIntel)...'\naz rest --method PUT --url \"${BASE_URL}/dataConnectorDefinitions/CyrenThreatIntel?api-version=2024-09-01\" --headers \"Content-Type=application/json\" --body @- <<'DEF_EOF' || true\n{\n  \"kind\": \"Customizable\",\n  \"properties\": {\n    \"connectorUiConfig\": {\n      \"id\": \"CyrenThreatIntel\",\n      \"title\": \"Threat Intelligence Feeds (Cyren)\",\n      \"publisher\": \"Cyren\",\n      \"descriptionMarkdown\": \"Ingest threat intelligence from TacitRed (compromised credentials) and Cyren (IP reputation, malware URLs) to identify and respond to threats targeting your organization.\",\n      \"graphQueriesTableName\": \"ThreatIntel_CL\",\n      \"graphQueries\": [{\n        \"metricName\": \"Total threat indicators received\",\n        \"legend\": \"Threat Indicators\",\n        \"baseQuery\": \"Cyren_Indicators_CL\"\n      }],\n      \"sampleQueries\": [\n        {\n          \"description\": \"{\n          \"description\": \"Cyren - High-risk indicators (risk >= 70)\",\n          \"query\": \"Cyren_Indicators_CL | where risk_d >= 70 | summarize count() by category_s, bin(TimeGenerated, 1h) | render timechart\"\n        },\n        {\n          \"description\": \"Cross-feed correlation - Compromised users accessing malicious IPs\",\n          \"query\": \"TacitRed_Findings_CL | join kind=inner (Cyren_Indicators_CL | where category_s == 'malware') on $left.domain_s == $right.domain_s | project TimeGenerated, email_s, domain_s, risk_d, category_s\"\n        }\n      ],\n      \"dataTypes\": [\n        { \"name\": \"Cyren_Indicators_CL\", \"lastDataReceivedQuery\": \"Cyren_Indicators_CL | summarize Time = max(TimeGenerated) | where isnotempty(Time)\" }\n      ],\n      \"connectivityCriteria\": [{ \"type\": \"HasDataConnectors\", \"value\": [] }],\n      \"availability\": { \"status\": \"Available\", \"isPreview\": false }\n    }\n  }\n}\nDEF_EOF || true\n\necho 'Patching connector definition with required permissions (minimal)...'\naz rest --method PUT --url \"${BASE_URL}/dataConnectorDefinitions/CyrenThreatIntel?api-version=2024-09-01\" --headers \"Content-Type=application/json\" --body @- <<'DEF_MIN'\n{\n  \"kind\": \"Customizable\",\n  \"properties\": {\n    \"connectorUiConfig\": {\n      \"id\": \"CyrenThreatIntel\",\n      \"title\": \"Threat Intelligence Feeds (Cyren)\",\n      \"publisher\": \"Cyren\",\n      \"permissions\": {\n        \"resourceProvider\": [\n          {\n            \"provider\": \"Microsoft.OperationalInsights/workspaces\",\n            \"permissionsDisplayText\": \"read and write permissions are required\",\n            \"providerDisplayName\": \"Workspace\",\n            \"scope\": \"Workspace\",\n            \"requiredPermissions\": { \"write\": true, \"read\": true, \"delete\": false }\n          },\n          {\n            \"provider\": \"Microsoft.OperationalInsights/workspaces/sharedKeys\",\n            \"permissionsDisplayText\": \"read permissions to shared keys for the workspace are required\",\n            \"providerDisplayName\": \"Keys\",\n            \"scope\": \"Workspace\",\n            \"requiredPermissions\": { \"action\": true }\n          }\n        ],\n        \"customs\": [\n          { \"name\": \"Cyren JWT Tokens\", \"description\": \"Cyren JWT tokens are required for both IP Reputation and Malware URLs feeds. Obtain from Cyren portal.\" }\n        ]\n      },\n      \"instructionSteps\": [\n        { \"title\": \"1. Configure TacitRed API Access\", \"description\": \"Obtain your TacitRed API key from the TacitRed admin console\", \"instructions\": [ { \"parameters\": { \"label\": \"TacitRed API Key\", \"placeholder\": \"Enter your TacitRed API Key\", \"type\": \"password\", \"name\": \"tacitRedApiKey\" }, \"type\": \"Textbox\" } ] },\n        { \"title\": \"2. Configure Cyren API Access\", \"description\": \"Obtain your Cyren JWT tokens for IP Reputation and Malware URLs feeds\", \"instructions\": [ { \"parameters\": { \"label\": \"Cyren IP Reputation JWT Token\", \"placeholder\": \"Enter JWT token for IP Reputation feed\", \"type\": \"password\", \"name\": \"cyrenIPJwtToken\" }, \"type\": \"Textbox\" }, { \"parameters\": { \"label\": \"Cyren Malware URLs JWT Token\", \"placeholder\": \"Enter JWT token for Malware URLs feed\", \"type\": \"password\", \"name\": \"cyrenMalwareJwtToken\" }, \"type\": \"Textbox\" } ] }\n      ]\n    }\n  }\n}\nDEF_MIN\n\necho 'Creating data connector: CyrenIPReputation'\naz rest --method PUT --url \"${BASE_URL}/dataConnectors/CyrenIPReputation?api-version=2022-10-01-preview\" --headers \"Content-Type=application/json\" --body @- <<EOF\n{\n  \"kind\": \"RestApiPoller\",\n  \"properties\": {\n    \"connectorDefinitionName\": \"CyrenThreatIntel\",\n    \"dataType\": \"Cyren_Indicators_CL\",\n    \"dcrConfig\": {\n      \"streamName\": \"Custom-Cyren_Indicators_CL\",\n      \"dataCollectionEndpoint\": \"${DCE_ENDPOINT}\",\n      \"dataCollectionRuleImmutableId\": \"${DCR_CYRENIP}\"\n    },\n    \"auth\": {\n      \"type\": \"APIKey\",\n      \"ApiKey\": \"${CYREN_IP_JWT}\",\n      \"ApiKeyName\": \"Authorization\",\n      \"ApiKeyIdentifier\": \"Bearer\"\n    },\n    \"request\": {\n      \"apiEndpoint\": \"https://api-feeds.cyren.com/v1/feed/data\",\n      \"httpMethod\": \"GET\",\n      \"queryParameters\": { \"feedId\": \"ip_reputation\", \"count\": 100, \"offset\": 0, \"format\": \"jsonl\" },\n      \"rateLimitQps\": 10,\n      \"retryCount\": 3,\n      \"timeoutInSeconds\": 60,\n      \"headers\": { \"Accept\": \"application/json\", \"User-Agent\": \"Microsoft-Sentinel-Cyren/1.0\" }\n    },\n    \"paging\": { \"pagingType\": \"Offset\", \"offsetParameterName\": \"offset\", \"pageSize\": 100 },\n    \"response\": { \"eventsJsonPaths\": [\"$\"], \"format\": \"jsonl\" }\n  }\n}\nEOF\n\necho 'Creating data connector: CyrenMalwareURLs'\naz rest --method PUT --url \"${BASE_URL}/dataConnectors/CyrenMalwareURLs?api-version=2022-10-01-preview\" --headers \"Content-Type=application/json\" --body @- <<EOF\n{\n  \"kind\": \"RestApiPoller\",\n  \"properties\": {\n    \"connectorDefinitionName\": \"CyrenThreatIntel\",\n    \"dataType\": \"Cyren_Indicators_CL\",\n    \"dcrConfig\": {\n      \"streamName\": \"Custom-Cyren_Indicators_CL\",\n      \"dataCollectionEndpoint\": \"${DCE_ENDPOINT}\",\n      \"dataCollectionRuleImmutableId\": \"${DCR_CYRENMALWARE}\"\n    },\n    \"auth\": {\n      \"type\": \"APIKey\",\n      \"ApiKey\": \"${CYREN_MALWARE_JWT}\",\n      \"ApiKeyName\": \"Authorization\",\n      \"ApiKeyIdentifier\": \"Bearer\"\n    },\n    \"request\": {\n      \"apiEndpoint\": \"https://api-feeds.cyren.com/v1/feed/data\",\n      \"httpMethod\": \"GET\",\n      \"queryParameters\": { \"feedId\": \"malware_urls\", \"count\": 100, \"offset\": 0, \"format\": \"jsonl\" },\n      \"rateLimitQps\": 10,\n      \"retryCount\": 3,\n      \"timeoutInSeconds\": 60,\n      \"headers\": { \"Accept\": \"application/json\", \"User-Agent\": \"Microsoft-Sentinel-Cyren/1.0\" }\n    },\n    \"paging\": { \"pagingType\": \"Offset\", \"offsetParameterName\": \"offset\", \"pageSize\": 100 },\n    \"response\": { \"eventsJsonPaths\": [\"$\"], \"format\": \"jsonl\" }\n  }\n}\nEOF\n\necho 'All CCF connectors configured.'\n"
      }
    },
    {
      "condition": "[parameters('deployWorkbooks')]",
      "type": "Microsoft.Insights/workbooks",
      "apiVersion": "2022-04-01",
      "name": "[guid(resourceGroup().id, 'workbook-cyren-threat-intelligence')]",
      "location": "[parameters('workspace-location')]",
      "kind": "shared",
      "properties": {
        "displayName": "Cyren Threat Intelligence",
        "serializedData": "{\"$schema\":\"https://github.com/Microsoft/Application-Insights-Workbooks/blob/master/schema/workbook.json\",\"version\":\"Notebook/1.0\",\"items\":[{\"type\":1,\"content\":{\"json\":\"# 🛡️ Cyren Threat Intelligence\\n\\n**Real-time Cyren threat intelligence monitoring**\\n\\n---\"}},{\"type\":3,\"content\":{\"size\":0,\"visualization\":\"tiles\",\"title\":\"📈 Threat Intelligence Overview\",\"queryType\":0,\"version\":\"KqlItem/1.0\",\"resourceType\":\"microsoft.operationalinsights/workspaces\",\"query\":\"Cyren_Indicators_CL | where TimeGenerated > ago(7d) | summarize TotalIndicators=count(), UniqueIPs=dcountif(ip_s, isnotempty(ip_s)), UniqueURLs=dcountif(url_s, isnotempty(url_s)), HighRisk=countif(risk_d >= 80), MediumRisk=countif(risk_d between (50 .. 79)), LowRisk=countif(risk_d < 50)\"}},{\"type\":3,\"content\":{\"size\":0,\"visualization\":\"table\",\"title\":\"🎯 Top 20 Malicious IPs\",\"queryType\":0,\"version\":\"KqlItem/1.0\",\"resourceType\":\"microsoft.operationalinsights/workspaces\",\"query\":\"Cyren_Indicators_CL | where TimeGenerated > ago(7d) | where isnotempty(ip_s) | summarize DetectionCount=count(), MaxRisk=max(risk_d), Categories=make_set(category_s) by IP=ip_s | top 20 by DetectionCount desc\"}},{\"type\":3,\"content\":{\"size\":0,\"visualization\":\"timechart\",\"title\":\"📊 Ingestion Volume\",\"queryType\":0,\"version\":\"KqlItem/1.0\",\"resourceType\":\"microsoft.operationalinsights/workspaces\",\"query\":\"Cyren_Indicators_CL | where TimeGenerated > ago(7d) | summarize Count=count() by bin(TimeGenerated, 1h) | order by TimeGenerated asc\"}}],\"styleSettings\":{}}",
        "version": "1.0",
        "sourceId": "[variables('workspaceResourceId')]",
        "category": "sentinel"
      }
    },
    {
      "condition": "[parameters('deployWorkbooks')]",
      "type": "Microsoft.Insights/workbooks",
      "apiVersion": "2022-04-01",
      "name": "[guid(resourceGroup().id, 'workbook-cyren-threat-intelligence-enhanced')]",
      "location": "[parameters('workspace-location')]",
      "kind": "shared",
      "properties": {
        "displayName": "Cyren Threat Intelligence (Enhanced)",
        "serializedData": "{\"$schema\":\"https://github.com/Microsoft/Application-Insights-Workbooks/blob/master/schema/workbook.json\",\"version\":\"Notebook/1.0\",\"items\":[{\"type\":1,\"content\":{\"json\":\"## 🛡️ Cyren Threat Intelligence Dashboard (Enhanced)\\n\\n**Real-time visibility into Cyren IP Reputation and Malware URLs feeds**\\n\\n✅ All queries validated with production data | 🔄 Auto-refresh every 5 minutes\\n\\n---\"}},{\"type\":9,\"content\":{\"resourceType\":\"microsoft.operationalinsights/workspaces\",\"parameters\":[{\"type\":4,\"id\":\"time-range\",\"value\":{\"durationMs\":86400000},\"name\":\"TimeRange\",\"typeSettings\":{\"selectableValues\":[{\"label\":\"1 hour\",\"durationMs\":3600000},{\"label\":\"6 hours\",\"durationMs\":21600000},{\"label\":\"24 hours\",\"durationMs\":86400000},{\"label\":\"7 days\",\"durationMs\":604800000},{\"label\":\"30 days\",\"durationMs\":2592000000}],\"allowCustom\":true}}],\"version\":\"KqlParametersItem/1.0\",\"style\":\"pills\",\"queryType\":0}},{\"type\":3,\"content\":{\"size\":3,\"visualization\":\"tiles\",\"title\":\"🔍 Data Pipeline Health (Last 24h)\",\"queryType\":0,\"version\":\"KqlItem/1.0\",\"resourceType\":\"microsoft.operationalinsights/workspaces\",\"query\":\"Cyren_Indicators_CL | where TimeGenerated >= ago(24h) | summarize Total=count(), Latest=max(TimeGenerated), HoursAgo=datetime_diff('hour', now(), max(TimeGenerated)) | extend Status = case(HoursAgo > 7, '🔴 Critical', HoursAgo > 6, '🟡 Warning', '🟢 Healthy') | project Status, Total, Latest, HoursAgo\"}},{\"type\":3,\"content\":{\"size\":0,\"visualization\":\"tiles\",\"title\":\"📈 Threat Intelligence Overview (Last 24h)\",\"queryType\":0,\"version\":\"KqlItem/1.0\",\"resourceType\":\"microsoft.operationalinsights/workspaces\",\"query\":\"Cyren_Indicators_CL | where TimeGenerated > ago(24h) | extend Risk = iif(isnull(risk_d), 50, toint(risk_d)) | summarize TotalIndicators=count(), UniqueIPs=dcountif(ip_s, isnotempty(ip_s)), UniqueURLs=dcountif(url_s, isnotempty(url_s)), HighRisk=countif(Risk >= 80), MediumRisk=countif(Risk between (50 .. 79)), LowRisk=countif(Risk < 50)\"}},{\"type\":3,\"content\":{\"size\":0,\"visualization\":\"table\",\"title\":\"🎯 Top 20 Malicious IPs (Last 24h)\",\"queryType\":0,\"version\":\"KqlItem/1.0\",\"resourceType\":\"microsoft.operationalinsights/workspaces\",\"query\":\"Cyren_Indicators_CL | where TimeGenerated > ago(24h) | where isnotempty(ip_s) | summarize DetectionCount=count(), MaxRisk=max(risk_d), Categories=make_set(category_s) by IP=ip_s | order by DetectionCount desc | take 20\"}},{\"type\":3,\"content\":{\"size\":0,\"visualization\":\"table\",\"title\":\"🌐 Top 20 Malware URLs (Last 24h)\",\"queryType\":0,\"version\":\"KqlItem/1.0\",\"resourceType\":\"microsoft.operationalinsights/workspaces\",\"query\":\"Cyren_Indicators_CL | where TimeGenerated > ago(24h) | where isnotempty(url_s) | extend ShortURL = substring(url_s, 0, 100) | summarize DetectionCount=count(), Categories=make_set(category_s) by ShortURL | order by DetectionCount desc | take 20\"}},{\"type\":3,\"content\":{\"size\":0,\"visualization\":\"areachart\",\"title\":\"📊 Risk Distribution Over Time (Last 24h)\",\"queryType\":0,\"version\":\"KqlItem/1.0\",\"resourceType\":\"microsoft.operationalinsights/workspaces\",\"query\":\"Cyren_Indicators_CL | where TimeGenerated > ago(24h) | extend Risk = iif(isnull(risk_d), 50, toint(risk_d)) | extend RiskBucket = case(Risk >= 80, 'Critical', Risk >= 60, 'High', Risk >= 40, 'Medium', 'Low') | summarize Count = count() by RiskBucket, bin(TimeGenerated, 1h) | order by TimeGenerated asc\"}},{\"type\":3,\"content\":{\"size\":1,\"visualization\":\"piechart\",\"title\":\"🏷️ Threat Categories Distribution (Last 24h)\",\"queryType\":0,\"version\":\"KqlItem/1.0\",\"resourceType\":\"microsoft.operationalinsights/workspaces\",\"query\":\"Cyren_Indicators_CL | where TimeGenerated > ago(24h) | extend Category = coalesce(category_s, object_type_s, type_s, 'Uncategorized') | where Category !in ('unknown', '') | summarize Count = count() by Category | order by Count desc\"}},{\"type\":3,\"content\":{\"size\":0,\"visualization\":\"table\",\"title\":\"⚠️ Recent High-Risk Indicators (Risk ≥ 50, Last 24h)\",\"queryType\":0,\"version\":\"KqlItem/1.0\",\"resourceType\":\"microsoft.operationalinsights/workspaces\",\"query\":\"Cyren_Indicators_CL | where TimeGenerated > ago(24h) | extend Risk = iif(isnull(risk_d), 50, toint(risk_d)) | where Risk >= 50 | project TimeGenerated, Risk, IP=ip_s, URL=url_s, Domain=domain_s, Category=category_s | order by TimeGenerated desc | take 50\"}},{\"type\":3,\"content\":{\"size\":0,\"visualization\":\"timechart\",\"title\":\"📊 Ingestion Volume (Last 7 Days)\",\"queryType\":0,\"version\":\"KqlItem/1.0\",\"resourceType\":\"microsoft.operationalinsights/workspaces\",\"query\":\"Cyren_Indicators_CL | where TimeGenerated >= ago(7d) | summarize Count = count() by bin(TimeGenerated, 1h) | order by TimeGenerated asc\"}}]}",
        "version": "1.0",
        "sourceId": "[variables('workspaceResourceId')]",
        "category": "sentinel"
      }
    }
  ],
  "outputs": {
    "dceEndpoint": {
      "type": "string",
      "value": "[reference(resourceId('Microsoft.Insights/dataCollectionEndpoints', variables('dceName'))).logsIngestion.endpoint]"
    },
    "cyrenIPDcrImmutableId": {
      "type": "string",
      "value": "[reference(resourceId('Microsoft.Insights/dataCollectionRules', variables('cyrenIPDcrName'))).immutableId]"
    },
    "cyrenMalwareDcrImmutableId": {
      "type": "string",
      "value": "[reference(resourceId('Microsoft.Insights/dataCollectionRules', variables('cyrenMalwareDcrName'))).immutableId]"
    },
    "deploymentMessage": {
      "type": "string",
      "value": "Cyren threat intelligence infrastructure, CCF connectors, and workbooks deployed successfully."
    }
  }
}
